m1,m10,m100,m1000,m1002,m1003,m1004,m1005,m1006,m1007,m1008,m1009,m101,m1010,m1011,m1012,m1013,m1014,m1015,m1016,m1017,m1018,m1019,m102,m1020,m1021,m1022,m1023,m1024,m1025,m1026,m1027,m1028,m1029,m103,m1030,m1031,m1032,m1033,m1034,m1035,m1036,m1037,m1038,m1039,m104,m1040,m1041,m1042,m1043,m1044,m1046,m1047,m1049,m105,m1050,m1051,m1053,m1054,m1055,m1056,m1057,m1058,m1059,m106,m1060,m1061,m1062,m1063,m1064,m1066,m1067,m1068,m1069,m107,m1070,m1071,m1073,m1076,m1077,m1078,m1079,m108,m1080,m1081,m1082,m1083,m1084,m1085,m1086,m1087,m1088,m1089,m1090,m1091,m1092,m1093,m1094,m1095,m1096
,0.512105534,0.39199995,0.729637137,0.405248774,0.344362207,0.193479262,0.292096843,0.27576196,0.434214025,0.502211623,0.391920691,0.549430857,0.477267703,0.308604642,0.63621225,0.577538607,0.449032722,0.540328151,0.440446343,0.513957411,0.421905637,0.577184977,0.169313229,0.459134279,0.350661094,0.649397078,0.712929276,0.496538333,0.565562619,0.501809614,0.437550656,0.687310207,0.631887985,0.392746071,0.348248746,0.499887799,0.581818397,0.514417742,0.530393074,0.660956798,0.715248525,0.287705616,0.269342052,,0.489250307,,0.58714752,0.548093309,0.273785534,0.533260798,0.557768898,0.497307926,0.446081037,0.410695412,0.566122877,0.53549479,0.409560195,0.608869314,0.255772369,0.427914944,0.541617134,0.259672932,0.463066185,0.799677449,0.627298804,0.449185749,,0.391613918,0.344123858,0.647648394,0.438852965,0.75803332,0.664088043,0.422499221,,0.545764459,0.626582256,0.460470662,0.598947718,0.538385485,0.666635306,0.114601322,0.61863582,0.516628556,0.542886752,0.543275005,0.673096417,0.55263852,0.719765375,0.3469035,0.42593489,0.60526111,0.664942349,0.332618231,0.478613121,0.407508097,0.51035039,0.572956593,0.583447923
0.512105534,,0.547458291,0.490471685,,0.610983022,0.423742467,0.460659052,0.657698949,0.549539503,0.557655344,0.388002825,0.456909467,0.544637436,0.617620143,0.47895599,0.474511709,0.526168067,0.459926373,0.484848353,0.490606399,0.510137927,0.485376308,0.511581652,0.506496584,0.478491673,0.526621015,0.495885479,0.511921444,0.502141661,0.090801355,0.535346116,0.507103086,0.507682447,0.349419964,0.426442332,0.523612057,0.479134653,0.438091684,0.292951818,0.461444999,0.562132393,0.535664783,0.754511944,,0.54140027,,0.437948821,0.59287747,0.398487024,0.210576112,0.598781048,0.490450139,0.537876233,0.461642843,0.496175045,0.475741533,0.565102408,0.440753831,0.560773109,0.380429154,0.350758308,0.521740961,0.44194313,,0.434405488,0.565664531,,0.415763665,0.401286556,0.376385466,0.174717416,0.620197616,0.522484366,0.527215235,,,0.469000317,0.631664951,0.432093492,0.429454687,0.514474394,0.009630679,0.473330353,0.464482705,0.486300789,0.488371558,0.433801575,0.297095592,0.423286143,0.212653548,0.553518731,0.459014372,0.455799504,0.529424393,0.59469865,0.533899894,0.454106493,0.413179149,0.337330739
0.39199995,0.547458291,,0.482964976,,0.836583866,0.629538169,0.568281758,0.811806995,0.488524504,0.778106248,0.528918712,0.505597486,0.476386784,0.374309768,0.343361637,0.49901609,0.430808252,0.677087748,0.622949178,0.412555715,0.596576315,0.326525965,0.629747447,0.688992888,0.788958499,0.352716301,0.44819452,0.743418145,0.362552965,,0.620486571,0.358699874,0.483838536,0.461958115,0.706777151,0.275695841,0.397810623,0.61226302,0.325786393,0.323554975,0.322774445,0.607882366,0.659328527,,0.649672173,,0.431474841,0.605126775,0.495177601,0.693604716,0.855263447,0.493829936,0.661389872,0.50558445,0.470505026,0.591400554,0.501639426,0.58887664,0.683434103,0.089147071,0.44873062,,0.556328237,,0.360587329,0.543589574,,0.594477408,0.643588504,0.184569319,,0.404485742,0.320310381,0.648557234,,,0.410234543,,0.332046111,0.150595176,0.346716841,,0.324403664,0.56000817,0.506132793,0.287779303,0.272284439,0.932428858,0.318592651,,0.649620728,0.340644753,0.30258813,0.7261178,0.51702078,0.547186926,0.492388547,0.423428033,0.402046152
0.729637137,0.490471685,0.482964976,,,0.180764901,,,,0.705222841,,0.624374331,0.115844547,0.18013913,,0.445892151,0.160722801,,0.833641565,0.819750658,0.383784077,,0.354714811,0.289494806,0.819834657,0.970011576,0.705839595,,0.64277005,1.0,,0.139450743,0.454403078,0.285247827,0.80664013,0.269242141,0.118965555,0.586263821,0.808494825,0.496394313,0.239049592,0.305700328,0.347963508,,,0.346559876,,0.356978657,0.512912447,,,,0.348717225,0.566016217,0.063265332,0.312701479,0.324061267,,,,,0.258422746,,0.465573763,,0.442674918,0.37211111,,,0.969981181,,,,,0.857869181,,,0.468717612,,0.219951831,0.2361378,0.389915939,,0.436919691,,,,0.57214562,,0.574823999,,0.465338617,0.327092746,0.238071686,0.395857657,0.412809724,0.508836568,0.578997604,0.320952334,
0.405248774,,,,,,,,,,,,0.732832346,,,,,,,,,,,,,,0.580180949,,,,,,0.496488483,,,,,,,,0.89919913,0.582067108,,,,,,0.593671163,,,,,,,0.53155565,,,,,,,0.776363173,,,0.937016752,0.67854222,,,,,,,,,,,,0.580180949,,,,0.810476368,,,,,,0.222401353,,,,0.791003653,0.419670542,,,0.432208829,0.145846792,0.449701933,,
0.344362207,0.610983022,0.836583866,0.180764901,,,0.528448669,0.480771168,0.640362075,0.490058366,0.324942857,0.505078398,0.548962769,0.512090079,0.647882448,0.367286439,0.565261523,0.560592179,0.525460403,0.708451633,0.419232679,0.463622289,0.437151521,0.73833628,0.565334511,0.663541399,0.466437367,0.236426989,0.588568163,0.377870674,,0.567521246,0.360291413,0.354693461,0.590130478,0.528953633,0.550633819,0.385924579,0.288404591,0.306702557,0.382361538,0.323584581,0.637055068,0.375098877,,0.507153112,,0.249326206,0.525334156,0.712035521,0.305843704,0.633662259,0.528606745,0.600454881,0.654940236,0.448005626,0.503935103,0.395827519,0.260191262,0.622962917,0.507080193,0.3335473,,0.524332257,,0.303489887,0.540036327,,0.456157279,0.470615158,,,0.359564003,0.427385117,0.571687752,,,0.404519515,0.002725149,0.357208296,0.322199498,0.391835983,,0.36347924,0.356843162,0.459509881,0.269293041,0.232503173,0.334854282,0.240230491,0.155834242,0.620036715,0.234041469,0.257009692,0.719504792,0.479930802,0.532420426,0.523651292,0.297971792,0.364207645
0.193479262,0.423742467,0.629538169,,,0.528448669,,0.881737203,0.740680401,0.63393605,0.247709575,0.656309496,0.172032006,0.481347975,0.514286754,0.175211593,0.572928277,0.534950689,0.757422215,0.44907218,0.234272969,0.611431409,0.315697476,0.489038894,0.6380509,0.855452988,0.287841029,0.089074777,0.331438634,0.443629634,,0.644888108,0.233752288,0.179854254,0.611005931,0.614418936,0.448439973,0.227076847,0.322384137,0.318210605,0.329249675,0.211208719,0.69530277,,,0.519636676,,0.390949048,0.578730233,0.88179338,0.294261062,0.106730003,0.430818493,0.576318624,0.660492348,0.254930152,0.336871962,0.916606868,0.747149834,0.890495488,0.903790986,0.591674047,,0.366810969,,0.202086646,0.518321155,,0.602021424,0.732411856,0.19455541,,,0.895977342,0.451439159,,,0.227871824,,0.289566823,0.307132542,0.171591008,,0.225021278,0.208317985,0.261834644,0.134896241,0.209980024,0.176776995,0.350366977,0.410830084,0.692476491,0.199112194,0.191579543,0.683154039,0.478732581,0.412375609,0.345525408,0.222748826,0.551800616
0.292096843,0.460659052,0.568281758,,,0.480771168,0.881737203,,0.735196965,0.695220419,0.709744974,0.691309313,0.268898606,0.68254776,0.753610182,0.201688208,0.582893526,0.483270829,0.656012079,0.612846125,0.414881848,0.581597711,0.289792142,0.818875177,0.610693457,0.809666467,0.384323987,0.29160943,0.518852932,0.33446252,,0.545046174,0.333398667,0.439387798,0.383696166,0.595626492,0.600859559,0.344874944,0.375142104,0.349922039,0.460641233,0.24499014,0.634021544,,,0.411368038,,0.525761938,0.563292215,0.713542484,0.72383156,0.391310091,0.547848922,0.594871462,0.730456565,0.075689455,0.377319121,,0.462174884,0.956041374,0.406461931,0.118503433,,0.51483692,,0.375844727,0.334387528,,,0.767010854,0.294381703,,,0.270482403,0.549225613,,,0.364844947,,0.173308577,0.282408767,0.230854214,,0.269164926,0.320109675,0.131493628,0.678279491,0.222454846,0.243180724,0.153232786,,0.578755179,0.17981866,0.234020136,0.629625761,0.443154575,0.477864045,0.394075485,0.320322147,0.256749618
0.27576196,0.657698949,0.811806995,,,0.640362075,0.740680401,0.735196965,,0.56548765,0.558229249,0.334642378,0.329771763,0.534766712,0.407429914,0.167867299,0.363920428,0.298460782,0.422008389,0.54447905,0.34507842,0.576682889,0.448941707,0.874709483,0.748503581,0.58272596,0.322011865,0.061108945,0.253591841,0.429474057,,0.485249759,0.254754291,0.141997702,0.94292494,0.568087463,0.50597712,0.220863505,0.437231213,0.375615549,0.374039611,0.3138591,0.7046686,,,0.563516614,,0.326035219,0.561941004,0.527821937,0.373928455,0.385279476,0.542250056,0.661237867,0.565204524,0.077921457,0.601149669,,0.330676244,0.841563591,0.379986113,0.156307089,,0.424425991,,0.306158322,0.56312251,,,0.390612739,,,0.035386006,0.073244163,0.661217457,,,0.417908037,,0.132649642,0.315467833,0.231492398,,0.239262659,0.311559076,0.429948944,0.462395681,0.313797607,0.109453791,0.483617693,,0.595043342,0.267779679,0.28881197,0.699663657,0.567041018,0.501935326,0.338426065,0.249903629,0.397238021
0.434214025,0.549539503,0.488524504,0.705222841,,0.490058366,0.63393605,0.695220419,0.56548765,,0.778331729,0.673190706,0.34508131,0.707114346,0.833408911,0.48503421,0.541595696,0.494913889,0.556412009,0.788474077,0.548592454,0.624090659,0.444032381,0.700999202,0.58977709,0.620874877,0.503677639,0.459393678,0.803132591,0.525484412,,0.645565986,0.4349201,0.52648907,0.831671617,0.717223809,0.566285453,0.540248838,0.522112313,0.269925629,0.527745058,0.438583149,0.647224762,,,0.491782301,,0.454091282,0.449842781,0.603072745,0.645571482,0.153557148,0.403062977,0.476879501,0.572370522,0.385975653,0.571197694,0.668335725,0.606400295,0.111059017,0.250091686,0.359025523,,0.489333273,,0.470516697,0.42018413,,0.830120682,0.630417822,0.707258275,0.692231109,0.242462931,0.5730762,0.593225613,,,0.406572778,,0.315413772,0.287375692,0.331537424,0.08883005,0.301942638,0.523544039,0.401951162,0.411309504,0.328183056,0.39405841,0.321040852,0.298619593,0.581609984,0.381026473,0.379666282,0.662247919,0.497997118,0.477268603,0.492234723,0.414521106,0.519487034
0.502211623,0.557655344,0.778106248,,,0.324942857,0.247709575,0.709744974,0.558229249,0.778331729,,0.394204613,0.508796826,0.571848634,0.624447594,0.728095797,0.768170073,0.743036339,0.845290359,0.69338105,0.818587903,0.601463775,0.54330401,,0.584459003,0.810839672,0.544486742,0.656222759,0.580913386,0.583005026,,0.535106023,0.661675131,0.483787781,0.229760284,0.739204382,0.462309053,0.388933673,0.35132815,0.89505583,0.608781322,0.539982764,0.385837144,,,0.375561126,,0.367486652,0.663051506,0.2855109,0.264823019,1.0,0.377570202,0.47247401,0.59167729,0.322389158,0.361014519,0.181864975,0.651994457,0.536062723,,0.727317782,,0.413716216,,0.437384453,0.571695637,,,0.545526614,0.501085144,0.798620429,0.479282573,0.629974201,0.760426135,,,0.539099063,0.664898418,0.46428845,0.409917287,0.463951683,,0.405512585,0.411542722,0.363231717,0.610528626,0.398658119,0.497493071,0.434748813,0.90949422,0.569889398,0.441490824,0.508531156,0.461986293,0.441525224,0.505466766,0.278071521,0.318769659,0.72418426
0.391920691,0.388002825,0.528918712,0.624374331,,0.505078398,0.656309496,0.691309313,0.334642378,0.673190706,0.394204613,,0.230850312,0.62020891,0.799946622,0.448371246,0.519414038,0.730467037,0.650448107,0.734226067,0.571003186,0.813192286,0.487560105,0.693415545,0.600841938,0.628469495,0.50830979,0.375676945,0.587087244,0.50110557,,0.547165151,0.45847849,0.499907743,0.762092729,0.62376442,0.621309236,0.548499692,0.616737547,0.517256297,0.510288592,0.367434629,0.522547195,,,0.365836308,0.465070338,0.345715493,0.443482088,0.772381214,0.673530813,0.638997426,0.422041158,0.479025042,0.546872217,0.361957467,0.391789296,0.974169598,0.275689953,0.692285275,0.603910728,0.655401268,,0.520749006,,0.435441095,0.48110646,,0.763023745,0.587705541,0.509699566,0.601179727,0.156538188,0.404479143,0.560896465,,,0.519581741,,0.412610564,0.362924408,0.373751328,,0.410612508,0.539948609,0.428048407,0.662723921,0.368791745,0.565070199,0.396888763,0.787469659,0.513336823,0.436117695,0.377706441,0.456303534,0.500224593,0.412629663,0.525261248,0.406809846,0.46162675
0.549430857,0.456909467,0.505597486,0.115844547,0.732832346,0.548962769,0.172032006,0.268898606,0.329771763,0.34508131,0.508796826,0.230850312,,0.311206111,0.216770885,0.468886782,0.516192005,0.310827817,0.407849562,0.245585467,0.410737446,0.25727099,0.651569044,0.152355341,0.451668845,0.184782197,0.576920696,0.578764613,0.216765046,0.36140998,,0.433943231,0.505574446,0.550988867,0.452922862,0.514167309,0.574970505,0.612725815,0.4011818,0.561619049,0.441624207,0.625786307,0.338765906,0.716430987,,0.553853431,,0.491748529,0.485855861,0.513343264,0.271903078,0.791357847,0.464550251,0.264803299,0.453793364,0.536441613,0.630667428,0.415360198,0.433123187,,0.450106633,0.619140982,,0.485083616,0.356361835,0.62002927,0.591754017,,0.053014067,0.430801538,0.45431387,,0.033635936,0.479236867,0.511848737,,,0.6401343,,0.655785059,0.716055864,0.682689569,,0.670189607,0.374900329,0.31929023,0.505647548,0.570453785,0.739650373,0.462188533,,0.422318769,0.715780874,0.590078464,0.32963946,0.39623909,0.420268869,0.614867524,0.658807226,0.621151274
0.477267703,0.544637436,0.476386784,0.18013913,,0.512090079,0.481347975,0.68254776,0.534766712,0.707114346,0.571848634,0.62020891,0.311206111,,0.847157829,0.552329248,0.607479456,0.600520789,0.637223346,0.688056191,0.528471062,0.720825877,0.542360487,0.708554301,0.596617393,0.707907427,0.48056172,0.576452224,0.375071938,0.449842503,0.517791512,0.555432485,0.507932095,0.481703513,0.799929942,0.657770661,0.57947011,0.404118043,0.55585263,0.315793357,0.425095498,0.51262797,0.490361845,,,0.409844159,0.465070338,0.269323811,0.555733445,0.414866807,0.813856883,0.327913919,0.431039421,0.571143773,0.562764495,0.414654546,0.516934163,0.081198591,0.292254874,0.444991087,0.599592491,0.375292067,,0.505458988,,0.488005248,0.434942469,,0.49886224,0.54432979,0.641556076,0.054850933,0.34873515,0.345108722,0.586704724,,,0.510616982,0.410881809,0.502808816,0.342568004,0.389714245,,0.400965704,0.497881314,0.47017242,0.629692126,0.411111131,0.401633952,0.402295471,0.235280978,0.436431401,0.474738649,0.362167868,0.460704189,0.531496219,0.515905617,0.471660047,0.539345743,0.449240315
0.308604642,0.617620143,0.374309768,,,0.647882448,0.514286754,0.753610182,0.407429914,0.833408911,0.624447594,0.799946622,0.216770885,0.847157829,,0.517073522,0.59933884,0.519266169,0.584465701,0.794851311,0.423951613,0.878168733,0.365309568,0.818878033,0.684502588,0.771054263,0.479408074,0.367813922,0.536129363,0.474215736,,0.720189279,0.436898946,0.4003819,0.522402825,0.790829798,0.665176338,0.377251342,0.4985418,0.22981392,0.312712407,0.282740798,0.624318058,,,0.488186744,,0.111986136,0.322098672,0.749560031,0.32676149,0.297993331,0.380133275,0.512134962,0.638501512,0.20101348,0.35874059,0.412754603,0.043576767,0.298103178,,0.355107766,,0.521027796,,0.443764616,0.37622392,,,0.676286578,0.65621383,,,0.21197684,0.719792929,,,0.375664279,,0.304531793,0.357836507,0.305648174,,0.335660627,0.531220522,0.318769876,0.759764055,0.33076008,0.373592567,0.234606744,1.0,0.558022125,0.34635447,0.317948593,0.694415611,0.583959833,0.533679822,0.433222258,0.337418153,0.368462666
0.63621225,0.47895599,0.343361637,0.445892151,,0.367286439,0.175211593,0.201688208,0.167867299,0.48503421,0.728095797,0.448371246,0.468886782,0.552329248,0.517073522,,0.632439087,0.578604586,0.637431331,0.610941291,0.733666517,0.48167654,0.60947422,0.192825765,0.506197394,0.448679699,0.668893737,0.567237811,0.588751018,0.575171584,0.625552752,0.358528429,0.677814255,0.689947421,0.334590363,0.532861022,0.548796558,0.561835524,0.663188563,0.54735618,0.586677254,0.651191495,0.406053161,,,0.494273804,,0.596336811,0.440700559,0.212087276,0.709816858,0.618333552,0.387139098,0.430641667,0.4336056,0.735375123,0.451455073,0.202729231,0.46077477,0.205787812,0.492860614,0.686784384,,0.489611651,,0.555317899,0.677127683,,0.457369799,0.450100476,0.790808409,0.603661564,0.897718023,0.683485429,0.492385273,,,0.598888237,0.903516066,0.465217424,0.513245764,0.589693632,,0.525731788,0.52178152,0.576851134,0.495234125,0.6667572,0.548930425,0.556888774,0.567204815,0.4286054,0.648248925,0.716101495,0.353903362,0.586525081,0.495001254,0.448858586,0.60607225,0.546433847
0.577538607,0.474511709,0.49901609,0.160722801,,0.565261523,0.572928277,0.582893526,0.363920428,0.541595696,0.768170073,0.519414038,0.516192005,0.607479456,0.59933884,0.632439087,,0.690342969,0.665689194,0.609417973,0.682899253,0.693249029,0.63838395,0.411704831,0.540626183,0.709987472,0.596979287,0.624672546,0.653938819,0.561076108,0.910446583,0.486049319,0.649061348,0.470014461,0.36735107,0.575191416,0.622626867,0.493344508,0.532250447,0.426574016,0.656681252,0.556436256,0.47494257,,,0.50643182,,0.475826416,0.546390885,0.387485229,0.698890625,0.518016399,0.431134289,0.428754904,0.417275574,0.558936846,0.578155232,0.277329192,0.368838358,0.427947275,0.352524535,0.504440747,,0.469018353,,0.604577672,0.513065805,,0.442306617,0.538615462,0.585956235,0.894024901,0.779732791,0.248505905,0.464942783,,,0.632648405,0.704206434,0.395161834,0.350628369,0.462452905,,0.341091892,0.473213028,0.411738165,0.538319534,0.447701865,0.511465167,0.402721806,,0.622218866,0.380132995,0.516208787,0.490719078,0.582979052,0.43691719,0.452562723,0.409840437,0.428923042
0.449032722,0.526168067,0.430808252,,,0.560592179,0.534950689,0.483270829,0.298460782,0.494913889,0.743036339,0.730467037,0.310827817,0.600520789,0.519266169,0.578604586,0.690342969,,0.7729824,0.68910559,0.636080348,0.667720425,0.573878746,0.40490262,0.623481609,0.623952555,0.541148875,0.538451135,0.550923634,0.588276717,0.956334381,0.558856611,0.598154914,0.484358627,0.432845444,0.691840571,0.533786883,0.497793287,0.596020145,0.430250847,0.522713466,0.370766792,0.645378294,,,0.416261083,0.174801104,0.445364505,0.573324379,0.521002202,0.726085137,0.532300721,0.474372269,0.479722629,0.451944725,0.750028058,0.697844893,0.298615579,0.197251354,0.903495994,0.40783301,0.525887006,,0.526836053,,0.457347924,0.524686442,,0.044672221,0.481272443,0.349600503,0.520810324,0.314564226,0.240150606,0.610671246,,,0.579318137,0.483695425,0.473472762,0.355007699,0.453222961,,0.400443314,0.43494156,0.611127473,0.472111731,0.401649988,0.489152117,0.326322096,,0.506628443,0.519554011,0.359296682,0.422836737,0.572891067,0.471485756,0.492092111,0.57466031,0.380696267
0.540328151,0.459926373,0.677087748,0.833641565,,0.525460403,0.757422215,0.656012079,0.422008389,0.556412009,0.845290359,0.650448107,0.407849562,0.637223346,0.584465701,0.637431331,0.665689194,0.7729824,,0.512212993,0.648703982,0.674471361,0.663227082,0.273083525,0.639802262,0.708465259,0.599458928,0.513047652,0.466852307,0.439516086,0.727934397,0.587272812,0.509680026,0.606477687,0.808914472,0.660696586,0.573698445,0.531262243,0.682595961,0.486364647,0.588683259,0.489853663,0.525711418,,,0.501733153,,0.322479628,0.478370741,0.58376353,0.902366095,0.493369359,0.423422898,0.534584829,0.450366925,0.393625289,0.77608352,0.672089694,0.522413807,0.520274954,0.102313977,0.680970906,,0.426521928,,0.436420425,0.520809751,,0.666380004,0.488165205,0.48227801,,,0.910181381,0.569219219,,,0.561737006,,0.342871198,0.325766672,0.426543141,,0.420675028,0.446265385,0.451308495,0.471953885,0.447693212,0.544822997,0.387081337,0.787469659,0.592971484,0.416882981,0.406638627,0.355633002,0.469668036,0.35725526,0.422900856,0.30455192,0.309597875
0.440446343,0.484848353,0.622949178,0.819750658,,0.708451633,0.44907218,0.612846125,0.54447905,0.788474077,0.69338105,0.734226067,0.245585467,0.688056191,0.794851311,0.610941291,0.609417973,0.68910559,0.512212993,,0.613119418,0.816385314,0.507490748,0.478669214,0.633102272,0.795178514,0.570969817,0.493590779,0.639919215,0.639189613,0.742044154,0.551892112,0.504405797,0.462159708,0.411783902,0.572866615,0.554910258,0.484668341,0.549184394,0.387978494,0.518516794,0.42321369,0.504223107,,,0.437209859,,0.395732714,0.357706186,0.568385301,0.332514524,0.409333257,0.401142686,0.551621495,0.573936108,0.414444281,0.25853299,0.146627621,0.601349747,0.415195105,0.094588583,0.400770309,,0.534881491,,0.31322551,0.478640525,,0.274292089,0.452764668,0.648189881,0.805749565,0.697886303,0.419334208,0.651946226,,,0.530348106,0.632982263,0.425564203,0.372705876,0.328078394,,0.308039239,0.480890577,0.431769852,0.607297239,0.370831558,0.739265607,0.404666667,0.667519651,0.495112756,0.295253835,0.385727503,0.592679433,0.488634863,0.560770604,0.397392801,0.390091302,0.375807731
0.513957411,0.490606399,0.412555715,0.383784077,,0.419232679,0.234272969,0.414881848,0.34507842,0.548592454,0.818587903,0.571003186,0.410737446,0.528471062,0.423951613,0.733666517,0.682899253,0.636080348,0.648703982,0.613119418,,0.72698974,0.651557624,0.237798499,0.539793553,0.581237731,0.611755354,0.577229336,0.579419433,0.613843051,0.269049953,0.569790529,0.576885439,0.630353154,0.396838682,0.559100252,0.547722531,0.528911491,0.592251153,0.476708296,0.627700189,0.579825164,0.519330661,,,0.518408532,,0.413950875,0.493709446,0.297054019,0.53396522,0.522546545,0.473228783,0.451855244,0.367107231,0.467572828,0.206016626,0.184825429,0.479086529,0.243577953,0.238689949,0.396246522,,0.50434941,,0.401441153,0.464519348,,0.412182256,0.465354513,0.405166435,0.134335703,0.483944234,0.509580172,0.641479491,,,0.640701669,0.576363912,0.476509037,0.569394761,0.444591049,,0.410650338,0.49183052,0.424720082,0.597367492,0.576994018,0.593232975,0.494926158,0.531006404,0.59396368,0.518150165,0.53984094,0.462973658,0.600349233,0.499182731,0.462938669,0.425995856,0.447683838
0.421905637,0.510137927,0.596576315,,,0.463622289,0.611431409,0.581597711,0.576682889,0.624090659,0.601463775,0.813192286,0.25727099,0.720825877,0.878168733,0.48167654,0.693249029,0.667720425,0.674471361,0.816385314,0.72698974,,0.59582767,0.551660547,0.605746733,0.616537669,0.578542482,0.467381578,0.636186509,0.553296604,0.715651465,0.662144559,0.514227395,0.54594789,0.501293419,0.759483946,0.699984639,0.616693924,0.656436599,0.679744123,0.449538807,0.420709093,0.567656219,,,0.384365519,,0.520430866,0.561404613,0.442983797,0.249612267,0.59740732,0.560169787,0.579393058,0.74997705,0.25337711,0.173922136,0.452223382,0.532492771,0.286216425,0.320852708,0.511118219,,0.514126937,,0.349289152,0.443558884,,0.293802352,0.375204412,0.344043944,0.179331224,0.465919691,0.436543055,0.617579764,,,0.571840374,,0.403929323,0.374915237,0.348928765,0.788655729,0.336953008,0.543837332,0.279106527,0.645179397,0.466570535,0.617609827,0.358555882,0.543966954,0.489598947,0.327503756,0.42102815,0.63679051,0.634530564,0.512185393,0.449216214,0.223447538,0.371888899
0.577184977,0.485376308,0.326525965,0.354714811,,0.437151521,0.315697476,0.289792142,0.448941707,0.444032381,0.54330401,0.487560105,0.651569044,0.542360487,0.365309568,0.60947422,0.63838395,0.573878746,0.663227082,0.507490748,0.651557624,0.59582767,,0.191168168,0.484837827,0.433783982,0.635388552,0.694082759,0.508856722,0.580191748,0.753077265,0.444050067,0.584900044,0.626335661,0.3586195,0.418288926,0.586511372,0.638208582,0.667035355,0.413676264,0.584397465,0.577105655,0.459285965,0.693769747,,0.380456298,,0.48908377,0.530726295,0.384508803,0.206711132,0.527192928,0.451866758,0.515837779,0.490561063,0.577524239,0.531277735,0.425295608,0.667686104,0.215716611,0.481120308,0.636893788,,0.345288002,,0.574763201,0.545139982,,0.391918887,0.536084608,0.684281396,0.494112301,0.736344471,0.782868701,0.581869466,,0.565673366,0.622776013,0.732297339,0.521797193,0.603070595,0.559936995,,0.517883984,0.537857218,0.522986384,0.523987928,0.631375728,0.550552545,0.635718834,0.927376512,0.455257306,0.588120174,0.596265211,0.461276348,0.495041247,0.482560895,0.506405716,0.574412931,0.565227333
0.169313229,0.511581652,0.629747447,0.289494806,,0.73833628,0.489038894,0.818875177,0.874709483,0.700999202,,0.693415545,0.152355341,0.708554301,0.818878033,0.192825765,0.411704831,0.40490262,0.273083525,0.478669214,0.237798499,0.551660547,0.191168168,,0.505361955,0.737322728,0.399202889,0.141863794,0.45248538,0.180856506,,0.519920017,0.234263465,0.422003261,0.552010611,0.619242594,0.537313778,0.503607912,0.222121254,0.211891992,0.298501101,0.110131648,0.820820308,,,0.548085042,,0.123586732,0.578871779,0.602099538,0.433900049,0.265624158,0.551691222,0.604096443,0.59168186,0.372910184,0.256642988,,0.326140071,0.654940568,0.597876276,0.328416451,,0.699009939,,0.41439402,0.453511622,,0.426024045,0.607437485,0.429848822,,,,0.498148291,,,0.296026504,,0.192463329,0.311427579,0.217971438,,0.288422963,0.346336221,0.181549296,0.400468365,0.141138616,0.18762177,0.150032357,,0.416729493,0.187447719,0.110460445,0.719404214,0.424778783,0.703995795,0.467426168,0.254930172,0.32511919
0.459134279,0.506496584,0.688992888,0.819834657,,0.565334511,0.6380509,0.610693457,0.748503581,0.58977709,0.584459003,0.600841938,0.451668845,0.596617393,0.684502588,0.506197394,0.540626183,0.623481609,0.639802262,0.633102272,0.539793553,0.605746733,0.484837827,0.505361955,,0.654810998,0.525010181,0.480729205,0.400311539,0.503294725,,0.602077028,0.499284454,0.461788044,0.14899042,0.58846126,0.483887356,0.364615681,0.518324907,0.408656303,0.495627033,0.457199684,0.508293679,,,0.510239262,,0.390510759,0.567352953,0.581191687,0.352075135,0.338088213,0.545085471,0.563388406,0.524397564,0.384031227,0.327415225,0.532365833,0.648629015,0.346922644,0.607293808,0.401544625,,0.456036381,,0.429340614,0.502178655,,0.417396385,0.592386597,0.485060913,0.667391962,0.616481275,0.527223527,0.526420687,,,0.442712587,,0.33096652,0.297168381,0.424328138,,0.340375032,0.380254118,0.439316326,0.435124886,0.409183557,0.512257714,0.432114961,0.201007156,0.586749988,0.404811855,0.421157125,0.590865347,0.447190622,0.435665652,0.421881326,0.364912274,0.393640733
0.350661094,0.478491673,0.788958499,0.970011576,,0.663541399,0.855452988,0.809666467,0.58272596,0.620874877,0.810839672,0.628469495,0.184782197,0.707907427,0.771054263,0.448679699,0.709987472,0.623952555,0.708465259,0.795178514,0.581237731,0.616537669,0.433783982,0.737322728,0.654810998,,0.467455995,0.40841791,0.514591712,0.503859373,0.902099849,0.54260308,0.383822869,0.472742935,0.443374128,0.663658634,0.495618656,0.421056206,0.457427517,0.299738564,0.534071192,0.298195768,0.503817598,,,0.423286985,,0.350342676,0.489722695,0.659242084,0.74155351,0.355252816,0.406134256,0.646777357,0.577620101,0.162246373,0.337071355,0.989287148,0.175992887,0.877704108,0.349408181,0.34517647,,0.567317066,,0.466090504,0.371118471,,0.766811362,0.737516413,0.362190895,0.229726831,0.23381637,0.220585343,0.63324837,,,0.350523099,,0.2359167,0.309039519,0.257854613,,0.329992084,0.366529167,0.391354278,0.58257306,0.315826714,0.425298086,0.18464475,0.08398979,0.613065695,0.253997786,0.277340084,0.56632286,0.429893051,0.498798305,0.47454117,0.412622863,0.435559993
0.649397078,0.526621015,0.352716301,0.705839595,0.580180949,0.466437367,0.287841029,0.384323987,0.322011865,0.503677639,0.544486742,0.50830979,0.576920696,0.48056172,0.479408074,0.668893737,0.596979287,0.541148875,0.599458928,0.570969817,0.611755354,0.578542482,0.635388552,0.399202889,0.525010181,0.467455995,,0.750361498,0.642336069,0.688289979,0.674559988,0.4488079,0.738306039,0.728473023,0.37404664,0.517939701,0.556503998,0.680446902,0.619860213,0.516353856,0.67276396,0.581306801,0.464950139,,,0.396973992,0.319090277,0.380706161,0.514147465,0.290034951,0.686154407,0.519439164,0.539435278,0.467865775,0.450818842,0.37679938,0.373049614,0.455223508,0.284956262,0.392191467,0.526478082,0.489207423,,0.493081614,,0.522735872,0.599550429,,0.327911598,0.469337244,0.653387825,0.612644301,0.920948477,0.741836252,0.628320428,,,0.62629334,0.879223447,0.504902744,0.588047942,0.597202596,0.271513213,0.456642888,0.577485139,0.460445488,0.52310245,0.626787462,0.5744325,0.637270377,0.635457839,0.544595892,0.555747101,0.609635047,0.421744458,0.486444881,0.555460228,0.473725591,0.525130428,0.511445136
0.712929276,0.495885479,0.44819452,,,0.236426989,0.089074777,0.29160943,0.061108945,0.459393678,0.656222759,0.375676945,0.578764613,0.576452224,0.367813922,0.567237811,0.624672546,0.538451135,0.513047652,0.493590779,0.577229336,0.467381578,0.694082759,0.141863794,0.480729205,0.40841791,0.750361498,,0.512782423,0.660812492,1.0,0.389856512,0.708694208,0.665780385,,0.441766591,0.441949867,0.683902842,0.648637562,0.681087014,0.650403271,0.641582016,0.214563097,,,0.351973161,,0.446774494,0.595373991,0.100991027,,0.805657654,0.396526202,0.46184507,0.316457536,0.498847078,0.392945777,0.245628934,0.572101892,0.196192365,,0.71952244,,0.437575817,,0.5744542,0.502208163,,1.0,0.460659304,0.803952792,,,0.784793816,0.459158064,,,0.720017848,,0.494729193,0.620115673,0.735411807,,0.616589002,0.568715507,0.62186364,0.652117002,0.659651705,0.554621742,0.771693168,1.0,0.390810298,0.674352731,0.701654394,0.286579527,0.504938357,0.573279955,0.570935529,0.646279358,0.622144552
0.496538333,0.511921444,0.743418145,0.64277005,,0.588568163,0.331438634,0.518852932,0.253591841,0.803132591,0.580913386,0.587087244,0.216765046,0.375071938,0.536129363,0.588751018,0.653938819,0.550923634,0.466852307,0.639919215,0.579419433,0.636186509,0.508856722,0.45248538,0.400311539,0.514591712,0.642336069,0.512782423,,0.596710067,0.801455972,0.563457367,0.53928085,0.689270019,0.445018277,0.598244541,0.600492459,0.613423215,0.637220816,0.66188315,0.470092556,0.546072569,0.662372863,,,0.391030203,,0.355712974,0.543501673,0.58255969,,0.184966946,0.329411557,0.597024711,0.710402308,0.62719901,0.591555469,0.477155564,0.456825857,,0.097623131,0.546247113,,0.442687585,,0.291414269,0.50689679,,0.775563714,0.545409526,0.456621381,0.87893521,0.854202385,0.735866092,0.534854301,,,0.461036758,,0.469098004,0.478991829,0.426347714,,0.319894652,0.525596767,0.476608929,0.391322015,0.391837793,0.442868707,0.439747018,0.897409036,0.528122328,0.523247302,0.439945936,0.769292003,0.467615453,0.439330468,0.447205011,0.553478359,0.667475916
0.565562619,0.502141661,0.362552965,1.0,,0.377870674,0.443629634,0.33446252,0.429474057,0.525484412,0.583005026,0.50110557,0.36140998,0.449842503,0.474215736,0.575171584,0.561076108,0.588276717,0.439516086,0.639189613,0.613843051,0.553296604,0.580191748,0.180856506,0.503294725,0.503859373,0.688289979,0.660812492,0.596710067,,0.583150353,0.494080906,0.603564421,0.577147391,0.457148252,0.540769324,0.561519858,0.702314686,0.654199306,0.438945609,0.554570607,0.57828834,0.429184128,,,0.503617975,,0.472362326,0.413041828,0.447025478,0.46329764,0.333369985,0.556817252,0.559125784,0.30149935,0.473282579,0.512525702,0.491329983,0.62846196,0.241214542,0.286560199,0.590764149,,0.495258334,,0.457168762,0.721786907,,0.305881921,0.469977845,0.412892514,0.549037507,0.914273052,0.459270159,0.633150712,,,0.576690007,,0.458988492,0.51848994,0.564040664,,0.532332646,0.579466754,0.613691627,0.632183026,0.554168729,0.56319099,0.547361696,0.659242073,0.552984051,0.560457088,0.557965027,0.517433017,0.547729513,0.667634204,0.444078542,0.519718483,0.600586927
0.501809614,0.090801355,,,,,,,,,,,,0.517791512,,0.625552752,0.910446583,0.956334381,0.727934397,0.742044154,0.269049953,0.715651465,0.753077265,,,0.902099849,0.674559988,1.0,0.801455972,0.583150353,,,0.647253297,0.758645304,,0.786287757,0.608329432,0.357449,0.493568974,,0.906768572,0.047334031,,,,,,,,0.205905944,,,0.064154086,,0.885991232,,,,,,,0.939799848,,,,,,,,,0.805243458,0.889853919,,0.94110899,,,,0.293955147,,,0.569334778,0.1947668,,,0.871769662,,0.788649181,0.967239482,,0.805243458,,0.372306656,,,,,,,,
0.437550656,0.535346116,0.620486571,0.139450743,,0.567521246,0.644888108,0.545046174,0.485249759,0.645565986,0.535106023,0.547165151,0.433943231,0.555432485,0.720189279,0.358528429,0.486049319,0.558856611,0.587272812,0.551892112,0.569790529,0.662144559,0.444050067,0.519920017,0.602077028,0.54260308,0.4488079,0.389856512,0.563457367,0.494080906,,,0.414061598,0.426940383,0.578059538,0.595676775,0.550555639,0.435611628,0.532826658,0.424490148,0.467505716,0.424011694,0.649832057,,,0.572838921,0.389680912,0.396665447,0.40559796,0.556807309,0.390904504,0.38195806,0.510671068,0.535498924,0.547248296,0.223286592,0.506621418,0.402900352,0.505076829,0.429431161,0.504251715,0.48080876,,0.531006586,,0.418117361,0.56354619,,0.184815681,0.510858935,0.383212284,,0.399056542,0.267351675,0.53581994,,,0.418868907,,0.407812076,0.262762696,0.369074693,,0.363689319,0.468070398,0.363065472,0.49025718,0.385224833,0.509867658,0.300989332,,0.624777591,0.341445726,0.400996569,0.5773485,0.626429221,0.529763193,0.451248967,0.386479368,0.391405904
0.687310207,0.507103086,0.358699874,0.454403078,0.496488483,0.360291413,0.233752288,0.333398667,0.254754291,0.4349201,0.661675131,0.45847849,0.505574446,0.507932095,0.436898946,0.677814255,0.649061348,0.598154914,0.509680026,0.504405797,0.576885439,0.514227395,0.584900044,0.234263465,0.499284454,0.383822869,0.738306039,0.708694208,0.53928085,0.603564421,0.647253297,0.414061598,,0.648679082,0.308331085,0.47411689,0.557495452,0.600533292,0.536454312,0.627275488,0.751220178,0.631184641,0.379303804,0.456456929,,0.413002642,0.564054916,0.568069856,0.547918699,0.166511687,0.491780736,0.624508206,0.496364092,0.415290448,0.416959878,0.606323986,0.483167438,0.500886188,0.474157265,0.241473652,0.377670462,0.517258055,,0.436370208,0.971198292,0.494595389,0.462623107,,0.381645417,0.375016386,0.588548565,0.374202832,0.855782011,0.567259856,0.515975123,,0.274183734,0.67848024,0.838837505,0.479802076,0.490901752,0.549792801,0.18192797,0.514813378,0.597033271,0.590706419,0.634087141,0.599988766,0.540957902,0.577529745,0.627616654,0.527317447,0.523371614,0.577542055,0.421406134,0.467575928,0.412587312,0.523796088,0.512573015,0.56639216
0.631887985,0.507682447,0.483838536,0.285247827,,0.354693461,0.179854254,0.439387798,0.141997702,0.52648907,0.483787781,0.499907743,0.550988867,0.481703513,0.4003819,0.689947421,0.470014461,0.484358627,0.606477687,0.462159708,0.630353154,0.54594789,0.626335661,0.422003261,0.461788044,0.472742935,0.728473023,0.665780385,0.689270019,0.577147391,0.758645304,0.426940383,0.648679082,,0.313689533,0.517236966,0.568266166,0.659797917,0.704307038,0.611686787,0.528732816,0.603302549,0.416437649,0.765411367,,0.361398901,,0.509881404,0.53757384,0.296934999,0.800914627,0.658622199,0.434069325,0.424686263,0.452001884,0.429940338,0.345551997,0.156982197,0.378354711,0.180322483,0.546108774,0.490426859,,0.472830062,,0.517483799,0.499746413,,0.566519891,0.478727721,0.513171974,0.334579177,0.802832589,0.69239007,0.572640709,,,0.588169989,1.0,0.570574929,0.529270279,0.565829196,,0.500244376,0.55986774,0.48144562,0.475780367,0.639873592,0.640413075,0.596228288,0.412591601,0.443667046,0.616328145,0.62687674,0.486799135,0.505390257,0.500256209,0.562300782,0.556329212,0.616928279
0.392746071,0.349419964,0.461958115,0.80664013,,0.590130478,0.611005931,0.383696166,0.94292494,0.831671617,0.229760284,0.762092729,0.452922862,0.799929942,0.522402825,0.334590363,0.36735107,0.432845444,0.808914472,0.411783902,0.396838682,0.501293419,0.3586195,0.552010611,0.14899042,0.443374128,0.37404664,,0.445018277,0.457148252,,0.578059538,0.308331085,0.313689533,,0.830769856,0.539056376,0.635731261,0.380705616,0.355854719,0.447531949,0.497529302,0.42236475,,,0.247017998,,0.102077683,0.359583652,0.601210403,0.897378946,0.487042012,0.567622005,0.477636374,0.406259653,0.082896052,0.683061484,0.021714751,0.235541395,0.3592068,0.271290787,0.268319108,,0.611440488,,0.369535969,0.406483356,,0.99658578,0.0690778,,,,0.073472295,0.481172402,,,0.637344545,,0.323811053,0.403517294,0.456871563,,0.549835787,0.374811472,0.42506644,0.514486381,0.222397969,0.23721906,0.459127191,,0.567046461,0.383323387,0.372426217,0.461401948,0.459035483,0.640419656,0.475933316,0.27509084,0.595052337
0.348248746,0.426442332,0.706777151,0.269242141,,0.528953633,0.614418936,0.595626492,0.568087463,0.717223809,0.739204382,0.62376442,0.514167309,0.657770661,0.790829798,0.532861022,0.575191416,0.691840571,0.660696586,0.572866615,0.559100252,0.759483946,0.418288926,0.619242594,0.58846126,0.663658634,0.517939701,0.441766591,0.598244541,0.540769324,0.786287757,0.595676775,0.47411689,0.517236966,0.830769856,,0.652285624,0.492087635,0.630334585,0.467165926,0.498856318,0.377146274,0.617701592,,,0.521019864,,0.308548315,0.392244415,0.583056638,0.931906986,0.352323121,0.492010591,0.572770488,0.531779643,0.420430541,0.79423452,0.307052179,0.30284428,0.604746471,0.545806636,0.497085162,,0.587160081,,0.413911093,0.485200797,,0.749058139,0.620152381,0.551580654,0.446147935,0.195544728,0.391889912,0.60407378,,,0.415812178,0.470400018,0.417767452,0.365055591,0.388350809,,0.450633456,0.521819489,0.470039858,0.451570313,0.364936434,0.554050638,0.301432989,0.727722052,0.592950835,0.416357795,0.402972805,0.554369588,0.509921656,0.524269911,0.429000227,0.437867055,0.445484812
0.499887799,0.523612057,0.275695841,0.118965555,,0.550633819,0.448439973,0.600859559,0.50597712,0.566285453,0.462309053,0.621309236,0.574970505,0.57947011,0.665176338,0.548796558,0.622626867,0.533786883,0.573698445,0.554910258,0.547722531,0.699984639,0.586511372,0.537313778,0.483887356,0.495618656,0.556503998,0.441949867,0.600492459,0.561519858,0.608329432,0.550555639,0.557495452,0.568266166,0.539056376,0.652285624,,0.555674763,0.648668494,0.381122076,0.500610227,0.518922903,0.568236507,,,0.383726375,0.170120064,0.540189125,0.415704503,0.446494978,0.238715107,0.462500345,0.525761186,0.427147783,0.543056575,0.627283872,0.393783785,0.351411049,0.522449187,0.247735082,0.375613223,0.579928178,,0.434241472,,0.444520479,0.352891755,,0.629889068,0.650487038,0.465779943,0.28907776,0.473159125,0.551373341,0.500278906,,,0.567981105,0.660676362,0.441725793,0.49213717,0.506079293,,0.478139664,0.511103054,0.611238606,0.622094137,0.539647782,0.451557757,0.387476006,0.552711775,0.500482569,0.541812707,0.411249386,0.508702115,0.465648507,0.485212282,0.501649365,0.432348959,0.381228648
0.581818397,0.479134653,0.397810623,0.586263821,,0.385924579,0.227076847,0.344874944,0.220863505,0.540248838,0.388933673,0.548499692,0.612725815,0.404118043,0.377251342,0.561835524,0.493344508,0.497793287,0.531262243,0.484668341,0.528911491,0.616693924,0.638208582,0.503607912,0.364615681,0.421056206,0.680446902,0.683902842,0.613423215,0.702314686,0.357449,0.435611628,0.600533292,0.659797917,0.635731261,0.492087635,0.555674763,,0.627966807,0.631914989,0.509601736,0.545507581,0.423356367,,,0.356162762,0.490995677,0.535691747,0.40348117,0.502079569,0.83091493,0.675132711,0.473913645,0.40403335,0.38022756,0.505548805,0.287875636,0.589306451,0.31669183,0.235457203,0.427191329,0.619323814,,0.523574077,,0.516320667,0.6421856,,0.445732711,0.506079514,0.724510969,0.687010426,0.852984529,0.619183701,0.517389144,,,0.619161323,0.926590545,0.512522088,0.546125784,0.614984666,0.788655729,0.558150478,0.578176406,0.578617691,0.642874392,0.650172708,0.705585265,0.629632,0.361074946,0.448499604,0.650325881,0.613859557,0.495150361,0.496722984,0.521741117,0.578879367,0.560676894,0.446011819
0.514417742,0.438091684,0.61226302,0.808494825,,0.288404591,0.322384137,0.375142104,0.437231213,0.522112313,0.35132815,0.616737547,0.4011818,0.55585263,0.4985418,0.663188563,0.532250447,0.596020145,0.682595961,0.549184394,0.592251153,0.656436599,0.667035355,0.222121254,0.518324907,0.457427517,0.619860213,0.648637562,0.637220816,0.654199306,0.493568974,0.532826658,0.536454312,0.704307038,0.380705616,0.630334585,0.648668494,0.627966807,,0.699044137,0.511715547,0.528281156,0.481498463,,,0.394893246,,0.486383814,0.358121953,0.243411297,,0.708964676,0.432784813,0.463096634,0.473730491,0.667215768,0.471659788,0.58151024,0.433466408,0.463364301,0.361642316,0.623719545,,0.507575114,,0.515391783,0.486945809,,0.466529899,0.624788408,0.500821653,0.328329557,0.179792688,0.419959132,0.493434641,,,0.538562217,,0.472222801,0.410378201,0.43561176,,0.422877598,0.570882499,0.564767345,0.649585346,0.631751754,0.656997852,0.602792431,0.800360834,0.494984263,0.568836654,0.520901408,0.42397323,0.626426803,0.472734622,0.584181962,0.587395675,0.444869888
0.530393074,0.292951818,0.325786393,0.496394313,,0.306702557,0.318210605,0.349922039,0.375615549,0.269925629,0.89505583,0.517256297,0.561619049,0.315793357,0.22981392,0.54735618,0.426574016,0.430250847,0.486364647,0.387978494,0.476708296,0.679744123,0.413676264,0.211891992,0.408656303,0.299738564,0.516353856,0.681087014,0.66188315,0.438945609,,0.424490148,0.627275488,0.611686787,0.355854719,0.467165926,0.381122076,0.631914989,0.699044137,,0.529915889,0.501302401,0.278337235,0.215908831,,0.383410918,,0.489473261,0.568341161,0.187068379,0.329664617,0.717368565,0.556849197,0.478193725,0.476554685,0.604518535,0.498814454,0.411440983,0.369061406,0.049470301,0.438724107,0.484674651,0.029278026,0.42663777,,0.597680885,0.506898061,,0.560602443,0.348222615,0.545156114,,0.45604325,0.268875754,0.431917146,,,0.586992623,0.805346904,0.516815098,0.530567898,0.545476573,,0.630214676,0.545476458,0.562196415,0.846800138,0.555354781,0.581224567,0.599670968,,0.355248869,0.595817737,0.470474605,0.317674251,0.431084914,0.421389194,0.533118018,0.621216822,0.560932951
0.660956798,0.461444999,0.323554975,0.239049592,0.89919913,0.382361538,0.329249675,0.460641233,0.374039611,0.527745058,0.608781322,0.510288592,0.441624207,0.425095498,0.312712407,0.586677254,0.656681252,0.522713466,0.588683259,0.518516794,0.627700189,0.449538807,0.584397465,0.298501101,0.495627033,0.534071192,0.67276396,0.650403271,0.470092556,0.554570607,0.906768572,0.467505716,0.751220178,0.528732816,0.447531949,0.498856318,0.500610227,0.509601736,0.511715547,0.529915889,,0.578327594,0.411902303,0.325527632,,0.429609872,0.218004842,0.551605723,0.495185687,0.299267499,0.597118569,0.532772017,0.492199547,0.463605982,0.453310206,0.495733782,0.526099774,0.593616107,0.686475852,0.509654424,0.420831669,0.50194472,,0.505339471,0.713467325,0.51965395,0.508444322,,0.656715587,0.421760734,0.698764425,0.522863551,0.526393629,0.60231646,0.425757269,,0.381418415,0.607665436,0.422800672,0.509574885,0.445204896,0.529576552,0.237489829,0.501635216,0.604025366,0.540655557,0.546470056,0.566396852,0.507084584,0.631948232,0.765971453,0.558783889,0.497475984,0.601164434,0.384773602,0.460902495,0.400227326,0.512471187,0.477207641,0.60750684
0.715248525,0.562132393,0.322774445,0.305700328,0.582067108,0.323584581,0.211208719,0.24499014,0.3138591,0.438583149,0.539982764,0.367434629,0.625786307,0.51262797,0.282740798,0.651191495,0.556436256,0.370766792,0.489853663,0.42321369,0.579825164,0.420709093,0.577105655,0.110131648,0.457199684,0.298195768,0.581306801,0.641582016,0.546072569,0.57828834,0.047334031,0.424011694,0.631184641,0.603302549,0.497529302,0.377146274,0.518922903,0.545507581,0.528281156,0.501302401,0.578327594,,0.287984792,0.320394799,,0.600939165,,0.530200546,0.511638884,0.253829995,0.442421952,0.495628075,0.479973462,0.439354191,0.403999151,0.545094104,0.505715791,0.359645454,0.373454727,0.178536846,0.418390254,0.478000082,0.605305542,0.457461993,0.262520333,0.66206504,0.47422151,,0.293430286,0.327315455,0.448411552,0.277040809,0.540086248,0.598186744,0.45555022,,0.283895879,0.584271144,0.339308624,0.577293423,0.546367375,0.635307333,0.076882475,0.584708156,0.512696574,0.44744641,0.574288096,0.628812821,0.511351946,0.618288286,0.324977711,0.433801625,0.683872341,0.683045864,0.366042202,0.529876279,0.494622957,0.460764619,0.602109327,0.506020962
0.287705616,0.535664783,0.607882366,0.347963508,,0.637055068,0.69530277,0.634021544,0.7046686,0.647224762,0.385837144,0.522547195,0.338765906,0.490361845,0.624318058,0.406053161,0.47494257,0.645378294,0.525711418,0.504223107,0.519330661,0.567656219,0.459285965,0.820820308,0.508293679,0.503817598,0.464950139,0.214563097,0.662372863,0.429184128,,0.649832057,0.379303804,0.416437649,0.42236475,0.617701592,0.568236507,0.423356367,0.481498463,0.278337235,0.411902303,0.287984792,,,,0.570285726,,0.333009704,0.531413285,0.727547153,0.117442438,0.155417696,0.548251463,0.616841921,0.534090509,0.407740628,0.487246772,0.393174619,0.461743839,0.691248445,0.159039922,0.3900363,0.355900624,0.478928923,0.294390447,0.375380702,0.503824903,,0.430163881,0.586839107,0.361414435,,0.172926456,0.292351875,0.521347572,,,0.398433801,0.275234931,0.41329817,0.304389973,0.319236257,,0.292403536,0.48702664,0.334707456,0.32504789,0.217444694,0.290464855,0.295780153,,0.645793598,0.272434251,0.300063812,0.732324017,0.514088636,0.511620244,0.416260236,0.308861252,0.293701389
0.269342052,0.754511944,0.659328527,,,0.375098877,,,,,,,0.716430987,,,,,,,,,,0.693769747,,,,,,,,,,0.456456929,0.765411367,,,,,,0.215908831,0.325527632,0.320394799,,,,,,0.55367094,0.062520532,,,,,,0.77466183,0.162649064,0.206365383,,,,0.833608076,0.856094426,,0.108118644,,0.572690891,0.713994113,,,,,,,,,,,0.476103122,,0.518617066,0.249205104,0.555763766,,0.461534784,0.911777901,0.506591495,,0.338649168,,0.739899899,,0.497699808,0.534618832,0.720510703,,0.552183521,0.965669553,0.380401067,0.569511137,0.624842956
,,,,,,,,,,,,,,,,,,,,,,,,,,,,,,,,,,,,,,,,,,,,,,,,,,,,,,,,,,,,,,,,,,,,,,,,,,,,,,,,,,,,,,,,,,,,,,,,,,,
0.489250307,0.54140027,0.649672173,0.346559876,,0.507153112,0.519636676,0.411368038,0.563516614,0.491782301,0.375561126,0.365836308,0.553853431,0.409844159,0.488186744,0.494273804,0.50643182,0.416261083,0.501733153,0.437209859,0.518408532,0.384365519,0.380456298,0.548085042,0.510239262,0.423286985,0.396973992,0.351973161,0.391030203,0.503617975,,0.572838921,0.413002642,0.361398901,0.247017998,0.521019864,0.383726375,0.356162762,0.394893246,0.383410918,0.429609872,0.600939165,0.570285726,,,,,0.354183742,0.422995191,0.53631325,0.214418909,0.224295301,0.523357002,0.558604375,0.471849135,0.548756062,0.63112158,0.689956953,0.551988283,0.486326019,0.524348265,0.323377174,,0.501843175,0.000839333,0.536893987,0.620095623,,0.176680653,0.444078363,0.266287685,0.341268413,0.002665625,0.128219942,0.601931869,,,0.485202642,,0.378656368,0.462978804,0.458045617,,0.544071008,0.441429724,0.452736882,0.460847029,0.350423416,0.49632783,0.317084588,0.188998535,0.549076234,0.544154075,0.507722176,0.457448173,0.579447246,0.556948652,0.341768178,0.442392186,0.41499776
,,,,,,,,,,,0.465070338,,0.465070338,,,,0.174801104,,,,,,,,,0.319090277,,,,,0.389680912,0.564054916,,,,0.170120064,0.490995677,,,0.218004842,,,,,,,0.427204762,,,,,0.038389233,,,,,,,,,,,0.177654732,,0.28478264,,,,,,,,,,,,0.307851351,,0.747435339,,,,,,,,0.939738367,,,,,,,,,0.268748321,0.585780023,0.452463409,
0.58714752,0.437948821,0.431474841,0.356978657,0.593671163,0.249326206,0.390949048,0.525761938,0.326035219,0.454091282,0.367486652,0.345715493,0.491748529,0.269323811,0.111986136,0.596336811,0.475826416,0.445364505,0.322479628,0.395732714,0.413950875,0.520430866,0.48908377,0.123586732,0.390510759,0.350342676,0.380706161,0.446774494,0.355712974,0.472362326,,0.396665447,0.568069856,0.509881404,0.102077683,0.308548315,0.540189125,0.535691747,0.486383814,0.489473261,0.551605723,0.530200546,0.333009704,0.55367094,,0.354183742,0.427204762,,0.489119046,0.329291262,0.371822283,0.696346218,0.431799781,0.4208933,0.465256435,0.619538054,0.458006675,0.520557897,0.581569274,0.444678122,0.419685195,0.656876859,0.419090525,0.472737205,0.911073458,0.525696694,0.417867789,,0.227528251,0.428957695,0.647524623,0.755020759,0.608968167,0.610487672,0.487874398,,0.442515735,0.467700133,0.648200499,0.647885879,0.573780722,0.581120201,,0.607502573,0.522256318,0.64339375,0.527268132,0.690512762,0.401299901,0.636050378,0.326237835,0.397158373,0.558811136,0.609362459,0.358135983,0.444543698,0.387169618,0.680424703,0.578216697,0.577532693
0.548093309,0.59287747,0.605126775,0.512912447,,0.525334156,0.578730233,0.563292215,0.561941004,0.449842781,0.663051506,0.443482088,0.485855861,0.555733445,0.322098672,0.440700559,0.546390885,0.573324379,0.478370741,0.357706186,0.493709446,0.561404613,0.530726295,0.578871779,0.567352953,0.489722695,0.514147465,0.595373991,0.543501673,0.413041828,,0.40559796,0.547918699,0.53757384,0.359583652,0.392244415,0.415704503,0.40348117,0.358121953,0.568341161,0.495185687,0.511638884,0.531413285,0.062520532,,0.422995191,,0.489119046,,0.328775172,0.440423761,0.687005835,0.569987556,0.531106913,0.4268397,0.497344302,0.577783878,0.431815024,0.442361879,0.482292042,0.467759356,0.501763826,,0.480060929,,0.423947379,0.437823601,,0.623821664,0.485941008,0.417300078,0.458924555,0.203437701,0.661419941,0.578585991,,0.627801701,0.533986711,,0.483510448,0.42672724,0.484317006,,0.396323124,0.48898289,0.449296712,0.489907239,0.428508337,0.290800875,0.552125818,0.17878807,0.539079053,0.391875115,0.444234823,0.499838305,0.495780353,0.409878285,0.501875479,0.403987335,0.466628272
0.273785534,0.398487024,0.495177601,,,0.712035521,0.88179338,0.713542484,0.527821937,0.603072745,0.2855109,0.772381214,0.513343264,0.414866807,0.749560031,0.212087276,0.387485229,0.521002202,0.58376353,0.568385301,0.297054019,0.442983797,0.384508803,0.602099538,0.581191687,0.659242084,0.290034951,0.100991027,0.58255969,0.447025478,0.205905944,0.556807309,0.166511687,0.296934999,0.601210403,0.583056638,0.446494978,0.502079569,0.243411297,0.187068379,0.299267499,0.253829995,0.727547153,,,0.53631325,,0.329291262,0.328775172,,0.499546931,0.407026687,0.447169431,0.704858932,0.56218616,0.225228149,0.447286612,0.828477142,0.65005204,0.941946374,0.394953809,0.549837395,,0.51790788,,0.362635259,0.563921149,,0.446669086,0.650138079,0.239701441,0.491892199,0.44587974,0.38374678,0.550590175,,,0.231766964,,0.294570784,0.498181547,0.241245184,,0.357794822,0.305895979,0.28739015,0.153215482,0.274372786,0.566617841,0.16915491,0.440279471,0.510196279,0.261318073,0.259567503,0.677766743,0.298909488,0.580154752,0.41909944,0.391390055,0.293861082
0.533260798,0.210576112,0.693604716,,,0.305843704,0.294261062,0.72383156,0.373928455,0.645571482,0.264823019,0.673530813,0.271903078,0.813856883,0.32676149,0.709816858,0.698890625,0.726085137,0.902366095,0.332514524,0.53396522,0.249612267,0.206711132,0.433900049,0.352075135,0.74155351,0.686154407,,,0.46329764,,0.390904504,0.491780736,0.800914627,0.897378946,0.931906986,0.238715107,0.83091493,,0.329664617,0.597118569,0.442421952,0.117442438,,,0.214418909,,0.371822283,0.440423761,0.499546931,,0.000302378,0.284744882,0.17950037,0.263705061,0.116339855,0.57189421,,0.078267921,,0.870609469,0.234637652,,0.526868926,,0.739701581,0.682513346,,0.839557809,0.41326574,0.188652172,,0.610315449,,0.684321858,,,0.540423698,,0.336272433,0.708570503,0.459819743,,0.689169255,0.733666032,0.416286035,0.710614716,0.553316312,0.930379538,0.318086787,,0.290379234,0.63856687,0.534916722,0.202757879,0.600082066,0.525051734,0.406981369,0.685834979,0.561852361
0.557768898,0.598781048,0.855263447,,,0.633662259,0.106730003,0.391310091,0.385279476,0.153557148,1.0,0.638997426,0.791357847,0.327913919,0.297993331,0.618333552,0.518016399,0.532300721,0.493369359,0.409333257,0.522546545,0.59740732,0.527192928,0.265624158,0.338088213,0.355252816,0.519439164,0.805657654,0.184966946,0.333369985,,0.38195806,0.624508206,0.658622199,0.487042012,0.352323121,0.462500345,0.675132711,0.708964676,0.717368565,0.532772017,0.495628075,0.155417696,,,0.224295301,,0.696346218,0.687005835,0.407026687,0.000302378,,0.648602815,0.49378099,0.604687909,0.363572806,0.375816419,0.116728976,0.295637653,0.096121825,0.636044936,0.601496438,,0.533604456,,0.44734058,0.833010872,,0.632220158,0.40767441,0.532002653,,0.760235969,0.767005398,0.620982275,,,0.578367923,0.675543808,0.591410846,0.45789667,0.728603443,,0.560096314,0.62652642,0.368209747,0.737792066,0.508178189,0.482860149,0.640437721,0.607128596,0.422142923,0.620939505,0.428761254,0.480614711,0.468681992,0.365349775,0.750265261,0.449568466,0.554184045
0.497307926,0.490450139,0.493829936,0.348717225,,0.528606745,0.430818493,0.547848922,0.542250056,0.403062977,0.377570202,0.422041158,0.464550251,0.431039421,0.380133275,0.387139098,0.431134289,0.474372269,0.423422898,0.401142686,0.473228783,0.560169787,0.451866758,0.551691222,0.545085471,0.406134256,0.539435278,0.396526202,0.329411557,0.556817252,0.064154086,0.510671068,0.496364092,0.434069325,0.567622005,0.492010591,0.525761186,0.473913645,0.432784813,0.556849197,0.492199547,0.479973462,0.548251463,,,0.523357002,0.038389233,0.431799781,0.569987556,0.447169431,0.284744882,0.648602815,,0.521951673,0.508229964,0.716124453,0.482336516,0.422498387,0.472512607,0.523015339,0.384975505,0.457760859,0.320443711,0.577772922,,0.444506264,0.428598148,,0.439166624,0.377594658,0.378062022,0.432441659,0.275961065,0.409365873,0.584668619,,,0.482265618,0.208442566,0.568026028,0.554259359,0.465242574,0.366112447,0.453232459,0.54283358,0.425766762,0.578594873,0.448446669,0.431933554,0.506570694,0.25368358,0.532311179,0.448726874,0.477624242,0.530531502,0.537362443,0.532620871,0.557328758,0.423467158,0.546287832
0.446081037,0.537876233,0.661389872,0.566016217,,0.600454881,0.576318624,0.594871462,0.661237867,0.476879501,0.47247401,0.479025042,0.264803299,0.571143773,0.512134962,0.430641667,0.428754904,0.479722629,0.534584829,0.551621495,0.451855244,0.579393058,0.515837779,0.604096443,0.563388406,0.646777357,0.467865775,0.46184507,0.597024711,0.559125784,,0.535498924,0.415290448,0.424686263,0.477636374,0.572770488,0.427147783,0.40403335,0.463096634,0.478193725,0.463605982,0.439354191,0.616841921,,,0.558604375,,0.4208933,0.531106913,0.704858932,0.17950037,0.49378099,0.521951673,,0.514380028,0.406597462,0.320947861,0.742694835,0.319541397,0.680795309,0.470267367,0.384679322,,0.435974084,,0.366405341,0.570528115,,0.119928888,0.575194319,0.441737395,0.47153033,0.310307399,0.420041403,0.549465434,,,0.436719786,0.095628916,0.418132329,0.423133134,0.370601222,,0.397507984,0.417817536,0.496819925,0.529049635,0.355475915,0.423424123,0.383161074,,0.623555837,0.366292975,0.401485495,0.54212886,0.483204233,0.541644296,0.492753366,0.386516815,0.512983727
0.410695412,0.461642843,0.50558445,0.063265332,0.53155565,0.654940236,0.660492348,0.730456565,0.565204524,0.572370522,0.59167729,0.546872217,0.453793364,0.562764495,0.638501512,0.4336056,0.417275574,0.451944725,0.450366925,0.573936108,0.367107231,0.74997705,0.490561063,0.59168186,0.524397564,0.577620101,0.450818842,0.316457536,0.710402308,0.30149935,0.885991232,0.547248296,0.416959878,0.452001884,0.406259653,0.531779643,0.543056575,0.38022756,0.473730491,0.476554685,0.453310206,0.403999151,0.534090509,0.77466183,,0.471849135,,0.465256435,0.4268397,0.56218616,0.263705061,0.604687909,0.508229964,0.514380028,,0.49947044,0.634885196,0.304682398,0.451968387,0.56785477,0.50552639,0.552595574,,0.577787833,,0.477361917,0.492469324,,0.465222292,0.628757104,0.541482902,0.864266993,0.643345999,0.630951079,0.50516494,,0.145294199,0.388136266,0.520919747,0.416277774,0.393257926,0.433932646,,0.374497847,0.54856382,0.360020106,0.596345255,0.401049435,0.379530475,0.450908232,0.674364841,0.558321992,0.425609981,0.496146295,0.644903202,0.453388983,0.460757427,0.453835416,0.505333258,0.483327937
0.566122877,0.496175045,0.470505026,0.312701479,,0.448005626,0.254930152,0.075689455,0.077921457,0.385975653,0.322389158,0.361957467,0.536441613,0.414654546,0.20101348,0.735375123,0.558936846,0.750028058,0.393625289,0.414444281,0.467572828,0.25337711,0.577524239,0.372910184,0.384031227,0.162246373,0.37679938,0.498847078,0.62719901,0.473282579,,0.223286592,0.606323986,0.429940338,0.082896052,0.420430541,0.627283872,0.505548805,0.667215768,0.604518535,0.495733782,0.545094104,0.407740628,0.162649064,,0.548756062,,0.619538054,0.497344302,0.225228149,0.116339855,0.363572806,0.716124453,0.406597462,0.49947044,,0.735466468,0.253218096,0.536808322,,0.194769245,0.649732765,,0.479750858,,0.63810883,0.368152053,,0.219399773,0.284684434,0.700646694,,0.811024905,0.435410211,0.283282412,,,0.54159817,,0.601759331,0.55863976,0.582577168,,0.569431447,0.40052441,0.591030002,0.649683676,0.623403655,0.482579682,0.382178234,,0.424114292,0.586541635,0.692039039,0.407513843,0.397119061,0.504279667,0.548368333,0.602297698,0.613385214
0.53549479,0.475741533,0.591400554,0.324061267,,0.503935103,0.336871962,0.377319121,0.601149669,0.571197694,0.361014519,0.391789296,0.630667428,0.516934163,0.35874059,0.451455073,0.578155232,0.697844893,0.77608352,0.25853299,0.206016626,0.173922136,0.531277735,0.256642988,0.327415225,0.337071355,0.373049614,0.392945777,0.591555469,0.512525702,,0.506621418,0.483167438,0.345551997,0.683061484,0.79423452,0.393783785,0.287875636,0.471659788,0.498814454,0.526099774,0.505715791,0.487246772,0.206365383,,0.63112158,,0.458006675,0.577783878,0.447286612,0.57189421,0.375816419,0.482336516,0.320947861,0.634885196,0.735466468,,0.418826616,0.55383379,0.844162067,0.448904797,0.533801177,,0.49473409,,0.561804278,0.534693035,,0.161441429,0.479150971,0.535147451,,0.471776585,0.555633333,0.336824054,,,0.432690973,,0.456694316,0.478786102,0.585594093,,0.553948042,0.522174472,0.56029138,0.590815957,0.471814905,0.360356366,0.448093975,0.809950964,0.475735915,0.5501119,0.549192035,0.545627321,0.471277546,0.448292594,0.498889952,0.612564099,0.355725798
0.409560195,0.565102408,0.501639426,,,0.395827519,0.916606868,,,0.668335725,0.181864975,0.974169598,0.415360198,0.081198591,0.412754603,0.202729231,0.277329192,0.298615579,0.672089694,0.146627621,0.184825429,0.452223382,0.425295608,,0.532365833,0.989287148,0.455223508,0.245628934,0.477155564,0.491329983,,0.402900352,0.500886188,0.156982197,0.021714751,0.307052179,0.351411049,0.589306451,0.58151024,0.411440983,0.593616107,0.359645454,0.393174619,,,0.689956953,,0.520557897,0.431815024,0.828477142,,0.116728976,0.422498387,0.742694835,0.304682398,0.253218096,0.418826616,,0.747648296,,0.790625309,0.57278138,,0.285460001,,0.308668313,0.365590616,,0.654000302,,0.491792829,,,0.233130264,0.490754757,,,0.426337423,,0.435770754,0.590283386,0.388539315,,0.391516123,0.235220801,0.513056854,0.082144651,0.557128888,0.569654269,0.318986707,0.595975596,0.522732936,0.289667058,0.442183927,0.431308721,0.37372499,0.420718164,0.523213549,0.349935753,0.431704888
0.608869314,0.440753831,0.58887664,,,0.260191262,0.747149834,0.462174884,0.330676244,0.606400295,0.651994457,0.275689953,0.433123187,0.292254874,0.043576767,0.46077477,0.368838358,0.197251354,0.522413807,0.601349747,0.479086529,0.532492771,0.667686104,0.326140071,0.648629015,0.175992887,0.284956262,0.572101892,0.456825857,0.62846196,,0.505076829,0.474157265,0.378354711,0.235541395,0.30284428,0.522449187,0.31669183,0.433466408,0.369061406,0.686475852,0.373454727,0.461743839,,,0.551988283,,0.581569274,0.442361879,0.65005204,0.078267921,0.295637653,0.472512607,0.319541397,0.451968387,0.536808322,0.55383379,0.747648296,,,0.111303386,0.767149206,,0.597187313,,0.447587328,0.645957027,,0.015171695,0.614791952,0.48944453,,,0.499198532,0.184533679,,,0.531959052,,0.485203737,0.35305775,0.365377762,,0.513246562,0.479686047,0.474901226,0.364926976,0.61752155,0.744391604,0.697351377,,0.640799358,0.406159248,0.535155796,0.553365608,0.427180565,0.438078558,0.364815872,0.515093088,0.631270846
0.255772369,0.560773109,0.683434103,,,0.622962917,0.890495488,0.956041374,0.841563591,0.111059017,0.536062723,0.692285275,,0.444991087,0.298103178,0.205787812,0.427947275,0.903495994,0.520274954,0.415195105,0.243577953,0.286216425,0.215716611,0.654940568,0.346922644,0.877704108,0.392191467,0.196192365,,0.241214542,,0.429431161,0.241473652,0.180322483,0.3592068,0.604746471,0.247735082,0.235457203,0.463364301,0.049470301,0.509654424,0.178536846,0.691248445,,,0.486326019,,0.444678122,0.482292042,0.941946374,,0.096121825,0.523015339,0.680795309,0.56785477,,0.844162067,,,,0.907111126,0.246316782,,0.904530167,,0.430207812,0.558935873,,,,,,,0.303427861,0.709731323,,,0.129528056,,0.209942987,0.424240546,0.172713605,,0.111305973,0.225489926,0.196337071,0.656262287,0.351226553,0.424771798,0.091350133,,0.834781668,0.140004573,0.231627828,0.443481714,0.350858672,0.280401736,0.318701688,0.337963645,0.246642154
0.427914944,0.380429154,0.089147071,,,0.507080193,0.903790986,0.406461931,0.379986113,0.250091686,,0.603910728,0.450106633,0.599592491,,0.492860614,0.352524535,0.40783301,0.102313977,0.094588583,0.238689949,0.320852708,0.481120308,0.597876276,0.607293808,0.349408181,0.526478082,,0.097623131,0.286560199,,0.504251715,0.377670462,0.546108774,0.271290787,0.545806636,0.375613223,0.427191329,0.361642316,0.438724107,0.420831669,0.418390254,0.159039922,0.833608076,,0.524348265,,0.419685195,0.467759356,0.394953809,0.870609469,0.636044936,0.384975505,0.470267367,0.50552639,0.194769245,0.448904797,0.790625309,0.111303386,0.907111126,,0.482341904,,0.588763551,,0.356920886,0.704230744,,,0.453368952,0.39470821,,,0.963255978,0.683284508,,,0.454391391,,0.556249018,0.59420543,0.526971247,,0.691365233,0.502223312,0.720655556,0.032257046,0.451335542,0.446369791,0.370703788,,0.409850696,0.602555838,0.454939174,0.685315887,0.61622447,0.431211517,0.453753824,0.418960991,0.385925382
0.541617134,0.350758308,0.44873062,0.258422746,0.776363173,0.3335473,0.591674047,0.118503433,0.156307089,0.359025523,0.727317782,0.655401268,0.619140982,0.375292067,0.355107766,0.686784384,0.504440747,0.525887006,0.680970906,0.400770309,0.396246522,0.511118219,0.636893788,0.328416451,0.401544625,0.34517647,0.489207423,0.71952244,0.546247113,0.590764149,0.939799848,0.48080876,0.517258055,0.490426859,0.268319108,0.497085162,0.579928178,0.619323814,0.623719545,0.484674651,0.50194472,0.478000082,0.3900363,0.856094426,,0.323377174,,0.656876859,0.501763826,0.549837395,0.234637652,0.601496438,0.457760859,0.384679322,0.552595574,0.649732765,0.533801177,0.57278138,0.767149206,0.246316782,0.482341904,,,0.469638809,,0.553078432,0.568443008,,0.572273109,0.443032486,0.551304977,0.722399721,0.825016621,0.778649675,0.472928941,,,0.502846678,0.637705371,0.532026291,0.514057641,0.549094358,,0.495194548,0.525647017,0.583789679,0.50203945,0.538134823,0.375805682,0.708398032,0.846952044,0.484797477,0.523653771,0.560988867,0.382364345,0.444188643,0.507367111,0.529506866,0.529830246,0.530012636
0.259672932,0.521740961,,,,,,,,,,,,,,,,,,,,,,,,,,,,,,,,,,,,,,0.029278026,,0.605305542,0.355900624,,,,,0.419090525,,,,,0.320443711,,,,,,,,,,,0.822447008,,,0.32654059,,,,,,,,,,,,,,,0.250280402,,0.40115541,0.755193776,,,0.488636226,,,,,0.35152247,0.12108528,,0.489168953,,0.642793525,0.207285129,
0.463066185,0.44194313,0.556328237,0.465573763,,0.524332257,0.366810969,0.51483692,0.424425991,0.489333273,0.413716216,0.520749006,0.485083616,0.505458988,0.521027796,0.489611651,0.469018353,0.526836053,0.426521928,0.534881491,0.50434941,0.514126937,0.345288002,0.699009939,0.456036381,0.567317066,0.493081614,0.437575817,0.442687585,0.495258334,,0.531006586,0.436370208,0.472830062,0.611440488,0.587160081,0.434241472,0.523574077,0.507575114,0.42663777,0.505339471,0.457461993,0.478928923,0.108118644,,0.501843175,0.177654732,0.472737205,0.480060929,0.51790788,0.526868926,0.533604456,0.577772922,0.435974084,0.577787833,0.479750858,0.49473409,0.285460001,0.597187313,0.904530167,0.588763551,0.469638809,0.822447008,,,0.550083281,0.480648599,,0.619416223,0.467837149,0.624911123,0.338666621,0.23431278,0.41757025,0.473637413,,,0.491055856,,0.407234154,0.555563019,0.390239126,,0.435611796,0.502073711,0.209611582,0.590533556,0.441989268,0.232964815,0.427664162,0.627588739,0.547635051,0.485982005,0.460138566,0.427301328,0.405590369,0.483960904,0.520677983,0.498116087,0.501556365
0.799677449,,,,0.937016752,,,,,,,,0.356361835,,,,,,,,,,,,,,,,,,,,0.971198292,,,,,,,,0.713467325,0.262520333,0.294390447,,,0.000839333,,0.911073458,,,,,,,,,,,,,,,,,,0.696649529,0.310870539,,,,,,,,,,,0.986147106,,0.127100432,,0.25020712,,0.070545332,,,,,,,,,0.528978582,,,0.792636471,0.232947344,0.466250162,,
0.627298804,0.434405488,0.360587329,0.442674918,0.67854222,0.303489887,0.202086646,0.375844727,0.306158322,0.470516697,0.437384453,0.435441095,0.62002927,0.488005248,0.443764616,0.555317899,0.604577672,0.457347924,0.436420425,0.31322551,0.401441153,0.349289152,0.574763201,0.41439402,0.429340614,0.466090504,0.522735872,0.5744542,0.291414269,0.457168762,,0.418117361,0.494595389,0.517483799,0.369535969,0.413911093,0.444520479,0.516320667,0.515391783,0.597680885,0.51965395,0.66206504,0.375380702,0.572690891,,0.536893987,0.28478264,0.525696694,0.423947379,0.362635259,0.739701581,0.44734058,0.444506264,0.366405341,0.477361917,0.63810883,0.561804278,0.308668313,0.447587328,0.430207812,0.356920886,0.553078432,,0.550083281,0.696649529,,0.538787811,,0.569620737,0.470658188,0.402107752,0.046932684,0.600739054,0.571238955,0.388331574,,,0.600133982,,0.549976194,0.537608153,0.624038418,0.676897658,0.634767237,0.541181703,0.535792228,0.661829293,0.558827025,0.42520409,0.543122891,0.221576518,0.355502145,0.706234807,0.647282609,0.350405024,0.54499335,0.467884776,0.491266983,0.703944301,0.631045303
0.449185749,0.565664531,0.543589574,0.37211111,,0.540036327,0.518321155,0.334387528,0.56312251,0.42018413,0.571695637,0.48110646,0.591754017,0.434942469,0.37622392,0.677127683,0.513065805,0.524686442,0.520809751,0.478640525,0.464519348,0.443558884,0.545139982,0.453511622,0.502178655,0.371118471,0.599550429,0.502208163,0.50689679,0.721786907,,0.56354619,0.462623107,0.499746413,0.406483356,0.485200797,0.352891755,0.6421856,0.486945809,0.506898061,0.508444322,0.47422151,0.503824903,0.713994113,,0.620095623,,0.417867789,0.437823601,0.563921149,0.682513346,0.833010872,0.428598148,0.570528115,0.492469324,0.368152053,0.534693035,0.365590616,0.645957027,0.558935873,0.704230744,0.568443008,0.32654059,0.480648599,0.310870539,0.538787811,,,0.200513901,0.255708395,0.380543228,0.508890627,0.784189105,0.309509359,0.520177618,,,0.516515082,0.587175398,0.383364982,0.362970949,0.485409842,,0.461543645,0.424843035,0.38446676,0.32326446,0.375352152,0.770080158,0.486391756,0.512263554,0.557519961,0.517581061,0.528724741,0.544731329,0.531575209,0.577341502,0.43129843,0.409326054,0.443080215
,,,,,,,,,,,,,,,,,,,,,,,,,,,,,,,,,,,,,,,,,,,,,,,,,,,,,,,,,,,,,,,,,,,,,,,,,,,,,,,,,,,,,,,,,,,,,,,,,,,
0.391613918,0.415763665,0.594477408,,,0.456157279,0.602021424,,,0.830120682,,0.763023745,0.053014067,0.49886224,,0.457369799,0.442306617,0.044672221,0.666380004,0.274292089,0.412182256,0.293802352,0.391918887,0.426024045,0.417396385,0.766811362,0.327911598,1.0,0.775563714,0.305881921,,0.184815681,0.381645417,0.566519891,0.99658578,0.749058139,0.629889068,0.445732711,0.466529899,0.560602443,0.656715587,0.293430286,0.430163881,,,0.176680653,,0.227528251,0.623821664,0.446669086,0.839557809,0.632220158,0.439166624,0.119928888,0.465222292,0.219399773,0.161441429,0.654000302,0.015171695,,,0.572273109,,0.619416223,,0.569620737,0.200513901,,,0.812767765,0.394468441,,,,,,,0.407799089,,0.516161238,0.526604594,0.238455479,,0.659790336,0.585931653,0.595608581,,0.345722692,,0.604832426,,0.231769921,0.410382598,0.373739213,0.147911236,0.435069291,0.730292234,0.516395535,0.380731849,0.806304847
0.344123858,0.401286556,0.643588504,0.969981181,,0.470615158,0.732411856,0.767010854,0.390612739,0.630417822,0.545526614,0.587705541,0.430801538,0.54432979,0.676286578,0.450100476,0.538615462,0.481272443,0.488165205,0.452764668,0.465354513,0.375204412,0.536084608,0.607437485,0.592386597,0.737516413,0.469337244,0.460659304,0.545409526,0.469977845,,0.510858935,0.375016386,0.478727721,0.0690778,0.620152381,0.650487038,0.506079514,0.624788408,0.348222615,0.421760734,0.327315455,0.586839107,,,0.444078363,,0.428957695,0.485941008,0.650138079,0.41326574,0.40767441,0.377594658,0.575194319,0.628757104,0.284684434,0.479150971,,0.614791952,,0.453368952,0.443032486,,0.467837149,,0.470658188,0.255708395,,0.812767765,,0.294561791,,,0.484493636,0.576325664,,,0.357421206,,0.464235112,0.39024796,0.427811021,,0.396820611,0.461595492,0.498810587,0.713584034,0.405838937,0.145893199,0.399068042,,0.59567414,0.334218305,0.308714547,0.556022639,0.505846343,0.454571764,0.378137794,0.483618486,0.344059571
0.647648394,0.376385466,0.184569319,,,,0.19455541,0.294381703,,0.707258275,0.501085144,0.509699566,0.45431387,0.641556076,0.65621383,0.790808409,0.585956235,0.349600503,0.48227801,0.648189881,0.405166435,0.344043944,0.684281396,0.429848822,0.485060913,0.362190895,0.653387825,0.803952792,0.456621381,0.412892514,0.805243458,0.383212284,0.588548565,0.513171974,,0.551580654,0.465779943,0.724510969,0.500821653,0.545156114,0.698764425,0.448411552,0.361414435,,,0.266287685,,0.647524623,0.417300078,0.239701441,0.188652172,0.532002653,0.378062022,0.441737395,0.541482902,0.700646694,0.535147451,0.491792829,0.48944453,,0.39470821,0.551304977,,0.624911123,,0.402107752,0.380543228,,0.394468441,0.294561791,,0.83980168,0.810920056,0.704424344,0.425870684,,0.132661135,0.554704968,0.805358082,0.706223653,0.578625733,0.525887371,,0.583672544,0.657165259,0.827426303,0.52261656,0.640277763,0.476514039,0.801999342,0.719907112,0.431141922,0.5221476,0.575930205,0.239764104,0.316386332,0.489385225,0.563824434,0.732143854,0.708839758
0.438852965,0.174717416,,,,,,,,0.692231109,0.798620429,0.601179727,,0.054850933,,0.603661564,0.894024901,0.520810324,,0.805749565,0.134335703,0.179331224,0.494112301,,0.667391962,0.229726831,0.612644301,,0.87893521,0.549037507,0.889853919,,0.374202832,0.334579177,,0.446147935,0.28907776,0.687010426,0.328329557,,0.522863551,0.277040809,,,,0.341268413,,0.755020759,0.458924555,0.491892199,,,0.432441659,0.47153033,0.864266993,,,,,,,0.722399721,,0.338666621,,0.046932684,0.508890627,,,,0.83980168,,0.797609331,0.771736706,0.636023418,,,0.339478532,,0.644946792,0.77161492,0.45994567,,0.37520236,0.595778974,0.853847147,0.713756305,0.446073824,0.845727571,0.620742782,,0.396929991,0.606115314,0.339765736,0.144670554,0.188158715,0.287258129,0.507188796,0.437263505,0.651534479
0.75803332,0.620197616,0.404485742,,,0.359564003,,,0.035386006,0.242462931,0.479282573,0.156538188,0.033635936,0.34873515,,0.897718023,0.779732791,0.314564226,,0.697886303,0.483944234,0.465919691,0.736344471,,0.616481275,0.23381637,0.920948477,,0.854202385,0.914273052,,0.399056542,0.855782011,0.802832589,,0.195544728,0.473159125,0.852984529,0.179792688,0.45604325,0.526393629,0.540086248,0.172926456,,,0.002665625,,0.608968167,0.203437701,0.44587974,0.610315449,0.760235969,0.275961065,0.310307399,0.643345999,0.811024905,0.471776585,,,,,0.825016621,,0.23431278,,0.600739054,0.784189105,,,,0.810920056,0.797609331,,0.768507707,,,,0.650032333,0.858544845,0.687327385,0.686257951,0.703864225,,0.504105509,0.475051902,0.739465749,0.611974527,0.742469131,0.740537811,0.800698254,,0.35191045,0.627031101,0.680742391,,0.540065567,0.742828327,0.523697493,0.763280609,0.502586884
0.664088043,0.522484366,0.320310381,,,0.427385117,0.895977342,0.270482403,0.073244163,0.5730762,0.629974201,0.404479143,0.479236867,0.345108722,0.21197684,0.683485429,0.248505905,0.240150606,0.910181381,0.419334208,0.509580172,0.436543055,0.782868701,,0.527223527,0.220585343,0.741836252,0.784793816,0.735866092,0.459270159,0.94110899,0.267351675,0.567259856,0.69239007,0.073472295,0.391889912,0.551373341,0.619183701,0.419959132,0.268875754,0.60231646,0.598186744,0.292351875,,,0.128219942,,0.610487672,0.661419941,0.38374678,,0.767005398,0.409365873,0.420041403,0.630951079,0.435410211,0.555633333,0.233130264,0.499198532,0.303427861,0.963255978,0.778649675,,0.41757025,,0.571238955,0.309509359,,,0.484493636,0.704424344,0.771736706,0.768507707,,0.468468057,,,0.447546504,0.862536621,0.707330854,0.732292642,0.777463533,,0.575307625,0.590706077,0.796756326,0.487845001,0.617031545,0.275065611,0.647113387,0.702016509,0.448262922,0.588430884,0.75473638,0.562897705,0.41981661,0.397030142,0.523499905,0.7354607,0.854164913
0.422499221,0.527215235,0.648557234,0.857869181,,0.571687752,0.451439159,0.549225613,0.661217457,0.593225613,0.760426135,0.560896465,0.511848737,0.586704724,0.719792929,0.492385273,0.464942783,0.610671246,0.569219219,0.651946226,0.641479491,0.617579764,0.581869466,0.498148291,0.526420687,0.63324837,0.628320428,0.459158064,0.534854301,0.633150712,,0.53581994,0.515975123,0.572640709,0.481172402,0.60407378,0.500278906,0.517389144,0.493434641,0.431917146,0.425757269,0.45555022,0.521347572,,,0.601931869,,0.487874398,0.578585991,0.550590175,0.684321858,0.620982275,0.584668619,0.549465434,0.50516494,0.283282412,0.336824054,0.490754757,0.184533679,0.709731323,0.683284508,0.472928941,,0.473637413,,0.388331574,0.520177618,,,0.576325664,0.425870684,0.636023418,,0.468468057,,,,0.478309207,,0.551668468,0.511118492,0.391532765,,0.480414224,0.489977249,0.386718023,0.661474181,0.382733275,0.374613364,0.552333881,0.550106793,0.565385092,0.449037507,0.468786132,0.592152889,0.534037303,0.591935065,0.466437616,0.50612892,0.392304544
,,,,,,,,,,,,,,,,,,,,,,,,,,,,,,,,,,,,,,,,,,,,,,,,,,,,,,,,,,,,,,,,,,,,,,,,,,,,,,,,,,,,,,,,,,,,,,,,,,,
0.545764459,,,,,,,,,,,,,,,,,,,,,,0.565673366,,,,,,,,,,0.274183734,,,,,,,,0.381418415,0.283895879,,,,,,0.442515735,0.627801701,,,,,,0.145294199,,,,,,,,,,,,,,,,0.132661135,,,,,,,0.355255138,,0.442515735,,0.561906622,,,,,,0.632803055,,,,0.36096656,,,,,0.186964596,0.481103391,,0.285509009
0.626582256,0.469000317,0.410234543,0.468717612,0.580180949,0.404519515,0.227871824,0.364844947,0.417908037,0.406572778,0.539099063,0.519581741,0.6401343,0.510616982,0.375664279,0.598888237,0.632648405,0.579318137,0.561737006,0.530348106,0.640701669,0.571840374,0.622776013,0.296026504,0.442712587,0.350523099,0.62629334,0.720017848,0.461036758,0.576690007,0.293955147,0.418868907,0.67848024,0.588169989,0.637344545,0.415812178,0.567981105,0.619161323,0.538562217,0.586992623,0.607665436,0.584271144,0.398433801,0.476103122,,0.485202642,0.307851351,0.467700133,0.533986711,0.231766964,0.540423698,0.578367923,0.482265618,0.436719786,0.388136266,0.54159817,0.432690973,0.426337423,0.531959052,0.129528056,0.454391391,0.502846678,,0.491055856,0.986147106,0.600133982,0.516515082,,0.407799089,0.357421206,0.554704968,0.339478532,0.650032333,0.447546504,0.478309207,,0.355255138,,0.569119443,0.564955802,0.626449844,0.587581212,0.33492296,0.611120975,0.584147233,0.520615074,0.598592661,0.547062582,0.586484416,0.559515537,0.600113983,0.432408357,0.651100133,0.592588065,0.348925308,0.445969412,0.510156875,0.507376777,0.569195507,0.53350133
0.460470662,0.631664951,,,,0.002725149,,,,,0.664898418,,,0.410881809,,0.903516066,0.704206434,0.483695425,,0.632982263,0.576363912,,0.732297339,,,,0.879223447,,,,,,0.838837505,1.0,,0.470400018,0.660676362,0.926590545,,0.805346904,0.422800672,0.339308624,0.275234931,,,,,0.648200499,,,,0.675543808,0.208442566,0.095628916,0.520919747,,,,,,,0.637705371,,,,,0.587175398,,,,0.805358082,,0.858544845,0.862536621,,,,0.569119443,,0.595242136,0.555430761,0.767784878,,0.82943316,0.811757593,0.96062393,0.116126438,0.807223007,0.933627868,0.654040901,,0.150712597,0.793883227,0.517763865,0.135413437,0.551490336,0.531233719,0.639954314,0.71426063,0.710564217
0.598947718,0.432093492,0.332046111,0.219951831,,0.357208296,0.289566823,0.173308577,0.132649642,0.315413772,0.46428845,0.412610564,0.655785059,0.502808816,0.304531793,0.465217424,0.395161834,0.473472762,0.342871198,0.425564203,0.476509037,0.403929323,0.521797193,0.192463329,0.33096652,0.2359167,0.504902744,0.494729193,0.469098004,0.458988492,,0.407812076,0.479802076,0.570574929,0.323811053,0.417767452,0.441725793,0.512522088,0.472222801,0.516815098,0.509574885,0.577293423,0.41329817,0.518617066,,0.378656368,0.747435339,0.647885879,0.483510448,0.294570784,0.336272433,0.591410846,0.568026028,0.418132329,0.416277774,0.601759331,0.456694316,0.435770754,0.485203737,0.209942987,0.556249018,0.532026291,,0.407234154,0.127100432,0.549976194,0.383364982,,0.516161238,0.464235112,0.706223653,0.644946792,0.687327385,0.707330854,0.551668468,,0.442515735,0.564955802,0.595242136,,0.776914673,0.567383109,0.542621063,0.623794845,0.485332178,0.565198481,0.576389011,0.605924625,0.506977573,0.62772457,0.651214921,0.364518133,0.628137648,0.565113694,0.313781274,0.432838442,0.397983192,0.611529064,0.633098163,0.697749271
0.538385485,0.429454687,0.150595176,0.2361378,,0.322199498,0.307132542,0.282408767,0.315467833,0.287375692,0.409917287,0.362924408,0.716055864,0.342568004,0.357836507,0.513245764,0.350628369,0.355007699,0.325766672,0.372705876,0.569394761,0.374915237,0.603070595,0.311427579,0.297168381,0.309039519,0.588047942,0.620115673,0.478991829,0.51848994,0.569334778,0.262762696,0.490901752,0.529270279,0.403517294,0.365055591,0.49213717,0.546125784,0.410378201,0.530567898,0.445204896,0.546367375,0.304389973,0.249205104,,0.462978804,,0.573780722,0.42672724,0.498181547,0.708570503,0.45789667,0.554259359,0.423133134,0.393257926,0.55863976,0.478786102,0.590283386,0.35305775,0.424240546,0.59420543,0.514057641,,0.555563019,,0.537608153,0.362970949,,0.526604594,0.39024796,0.578625733,0.77161492,0.686257951,0.732292642,0.511118492,,,0.626449844,0.555430761,0.776914673,,0.6216408,0.461305155,0.626253537,0.539176494,0.563672433,0.605229308,0.598923303,0.503213335,0.561594733,0.570026761,0.3861292,0.62518543,0.570970881,0.320829207,0.386050781,0.334602607,0.611328618,0.690882989,0.638005199
0.666635306,0.514474394,0.346716841,0.389915939,0.810476368,0.391835983,0.171591008,0.230854214,0.231492398,0.331537424,0.463951683,0.373751328,0.682689569,0.389714245,0.305648174,0.589693632,0.462452905,0.453222961,0.426543141,0.328078394,0.444591049,0.348928765,0.559936995,0.217971438,0.424328138,0.257854613,0.597202596,0.735411807,0.426347714,0.564040664,0.1947668,0.369074693,0.549792801,0.565829196,0.456871563,0.388350809,0.506079293,0.614984666,0.43561176,0.545476573,0.529576552,0.635307333,0.319236257,0.555763766,,0.458045617,,0.581120201,0.484317006,0.241245184,0.459819743,0.728603443,0.465242574,0.370601222,0.433932646,0.582577168,0.585594093,0.388539315,0.365377762,0.172713605,0.526971247,0.549094358,0.250280402,0.390239126,0.25020712,0.624038418,0.485409842,,0.238455479,0.427811021,0.525887371,0.45994567,0.703864225,0.777463533,0.391532765,,0.561906622,0.587581212,0.767784878,0.567383109,0.6216408,,0.174233396,0.686881049,0.562442979,0.59089816,0.492370947,0.60394786,0.591093679,0.644514239,0.254715497,0.380376768,0.687027334,0.652680975,0.374056194,0.459433471,0.443581126,0.545497848,0.621345507,0.552793416
0.114601322,0.009630679,,,,,,,,0.08883005,,,,,,,,,,,,0.788655729,,,,,0.271513213,,,,,,0.18192797,,,,,0.788655729,,,0.237489829,0.076882475,,,,,,,,,,,0.366112447,,,,,,,,,,,,,0.676897658,,,,,,,,,,,,0.33492296,,0.542621063,0.461305155,0.174233396,,0.379890563,0.536765844,,,0.633853013,,0.53015792,,0.249039494,0.601222946,0.292170811,,0.741996309,,0.640705753,0.440202232,0.19525559
0.61863582,0.473330353,0.324403664,0.436919691,,0.36347924,0.225021278,0.269164926,0.239262659,0.301942638,0.405512585,0.410612508,0.670189607,0.400965704,0.335660627,0.525731788,0.341091892,0.400443314,0.420675028,0.308039239,0.410650338,0.336953008,0.517883984,0.288422963,0.340375032,0.329992084,0.456642888,0.616589002,0.319894652,0.532332646,,0.363689319,0.514813378,0.500244376,0.549835787,0.450633456,0.478139664,0.558150478,0.422877598,0.630214676,0.501635216,0.584708156,0.292403536,0.461534784,,0.544071008,,0.607502573,0.396323124,0.357794822,0.689169255,0.560096314,0.453232459,0.397507984,0.374497847,0.569431447,0.553948042,0.391516123,0.513246562,0.111305973,0.691365233,0.495194548,0.40115541,0.435611796,0.070545332,0.634767237,0.461543645,,0.659790336,0.396820611,0.583672544,0.37520236,0.504105509,0.575307625,0.480414224,,,0.611120975,0.82943316,0.623794845,0.626253537,0.686881049,0.379890563,,0.517737061,0.616235535,0.494477556,0.61597744,0.478785489,0.605378197,0.495653098,0.339570758,0.700067832,0.622855626,0.32073783,0.455332181,0.545379447,0.572474198,0.646492102,0.61125042
0.516628556,0.464482705,0.56000817,,,0.356843162,0.208317985,0.320109675,0.311559076,0.523544039,0.411542722,0.539948609,0.374900329,0.497881314,0.531220522,0.52178152,0.473213028,0.43494156,0.446265385,0.480890577,0.49183052,0.543837332,0.537857218,0.346336221,0.380254118,0.366529167,0.577485139,0.568715507,0.525596767,0.579466754,0.871769662,0.468070398,0.597033271,0.55986774,0.374811472,0.521819489,0.511103054,0.578176406,0.570882499,0.545476458,0.604025366,0.512696574,0.48702664,0.911777901,,0.441429724,,0.522256318,0.48898289,0.305895979,0.733666032,0.62652642,0.54283358,0.417817536,0.54856382,0.40052441,0.522174472,0.235220801,0.479686047,0.225489926,0.502223312,0.525647017,0.755193776,0.502073711,,0.541181703,0.424843035,,0.585931653,0.461595492,0.657165259,0.595778974,0.475051902,0.590706077,0.489977249,,,0.584147233,0.811757593,0.485332178,0.539176494,0.562442979,0.536765844,0.517737061,,0.585399621,0.553079954,0.570444967,0.576519849,0.590772836,0.819901016,0.494352951,0.599385939,0.526231701,0.498707717,0.589811769,0.504380083,0.562458066,0.574677071,0.539599314
0.542886752,0.486300789,0.506132793,,,0.459509881,0.261834644,0.131493628,0.429948944,0.401951162,0.363231717,0.428048407,0.31929023,0.47017242,0.318769876,0.576851134,0.411738165,0.611127473,0.451308495,0.431769852,0.424720082,0.279106527,0.522986384,0.181549296,0.439316326,0.391354278,0.460445488,0.62186364,0.476608929,0.613691627,,0.363065472,0.590706419,0.48144562,0.42506644,0.470039858,0.611238606,0.578617691,0.564767345,0.562196415,0.540655557,0.44744641,0.334707456,0.506591495,,0.452736882,,0.64339375,0.449296712,0.28739015,0.416286035,0.368209747,0.425766762,0.496819925,0.360020106,0.591030002,0.56029138,0.513056854,0.474901226,0.196337071,0.720655556,0.583789679,,0.209611582,,0.535792228,0.38446676,,0.595608581,0.498810587,0.827426303,0.853847147,0.739465749,0.796756326,0.386718023,,,0.520615074,0.96062393,0.565198481,0.563672433,0.59089816,,0.616235535,0.585399621,,0.52571546,0.62227953,0.378314433,0.563371309,0.4549628,0.396382737,0.566413843,0.537575926,0.363105274,0.480983749,0.399785326,0.535317508,0.613026783,0.579908534
0.543275005,0.488371558,0.287779303,,,0.269293041,0.134896241,0.678279491,0.462395681,0.411309504,0.610528626,0.662723921,0.505647548,0.629692126,0.759764055,0.495234125,0.538319534,0.472111731,0.471953885,0.607297239,0.597367492,0.645179397,0.523987928,0.400468365,0.435124886,0.58257306,0.52310245,0.652117002,0.391322015,0.632183026,0.788649181,0.49025718,0.634087141,0.475780367,0.514486381,0.451570313,0.622094137,0.642874392,0.649585346,0.846800138,0.546470056,0.574288096,0.32504789,,,0.460847029,,0.527268132,0.489907239,0.153215482,0.710614716,0.737792066,0.578594873,0.529049635,0.596345255,0.649683676,0.590815957,0.082144651,0.364926976,0.656262287,0.032257046,0.50203945,,0.590533556,,0.661829293,0.32326446,,,0.713584034,0.52261656,0.713756305,0.611974527,0.487845001,0.661474181,,,0.598592661,0.116126438,0.576389011,0.605229308,0.492370947,,0.494477556,0.553079954,0.52571546,,0.525371863,0.542423214,0.50881645,0.550321624,0.419478381,0.464823682,0.543866081,0.565610986,0.580474785,0.514725256,0.455418306,0.430286438,0.482211428
0.673096417,0.433801575,0.272284439,0.57214562,0.222401353,0.232503173,0.209980024,0.222454846,0.313797607,0.328183056,0.398658119,0.368791745,0.570453785,0.411111131,0.33076008,0.6667572,0.447701865,0.401649988,0.447693212,0.370831558,0.576994018,0.466570535,0.631375728,0.141138616,0.409183557,0.315826714,0.626787462,0.659651705,0.391837793,0.554168729,0.967239482,0.385224833,0.599988766,0.639873592,0.222397969,0.364936434,0.539647782,0.650172708,0.631751754,0.555354781,0.566396852,0.628812821,0.217444694,0.338649168,,0.350423416,0.939738367,0.690512762,0.428508337,0.274372786,0.553316312,0.508178189,0.448446669,0.355475915,0.401049435,0.623403655,0.471814905,0.557128888,0.61752155,0.351226553,0.451335542,0.538134823,0.488636226,0.441989268,,0.558827025,0.375352152,,0.345722692,0.405838937,0.640277763,0.446073824,0.742469131,0.617031545,0.382733275,,0.632803055,0.547062582,0.807223007,0.605924625,0.598923303,0.60394786,0.633853013,0.61597744,0.570444967,0.62227953,0.525371863,,0.557080499,0.695549372,0.376880979,0.357745696,0.654107681,0.674880845,0.273404364,0.488560977,0.41498963,0.585474547,0.624197505,0.576967658
0.55263852,0.297095592,0.932428858,,,0.334854282,0.176776995,0.243180724,0.109453791,0.39405841,0.497493071,0.565070199,0.739650373,0.401633952,0.373592567,0.548930425,0.511465167,0.489152117,0.544822997,0.739265607,0.593232975,0.617609827,0.550552545,0.18762177,0.512257714,0.425298086,0.5744325,0.554621742,0.442868707,0.56319099,,0.509867658,0.540957902,0.640413075,0.23721906,0.554050638,0.451557757,0.705585265,0.656997852,0.581224567,0.507084584,0.511351946,0.290464855,,,0.49632783,,0.401299901,0.290800875,0.566617841,0.930379538,0.482860149,0.431933554,0.423424123,0.379530475,0.482579682,0.360356366,0.569654269,0.744391604,0.424771798,0.446369791,0.375805682,,0.232964815,,0.42520409,0.770080158,,,0.145893199,0.476514039,0.845727571,0.740537811,0.275065611,0.374613364,,,0.586484416,0.933627868,0.506977573,0.503213335,0.591093679,,0.478785489,0.576519849,0.378314433,0.542423214,0.557080499,,0.537202387,,0.42779258,0.450792148,0.559588965,0.502506787,0.520214189,0.549486967,0.565311505,0.594662384,0.45910084
0.719765375,0.423286143,0.318592651,0.574823999,,0.240230491,0.350366977,0.153232786,0.483617693,0.321040852,0.434748813,0.396888763,0.462188533,0.402295471,0.234606744,0.556888774,0.402721806,0.326322096,0.387081337,0.404666667,0.494926158,0.358555882,0.635718834,0.150032357,0.432114961,0.18464475,0.637270377,0.771693168,0.439747018,0.547361696,0.805243458,0.300989332,0.577529745,0.596228288,0.459127191,0.301432989,0.387476006,0.629632,0.602792431,0.599670968,0.631948232,0.618288286,0.295780153,0.739899899,,0.317084588,,0.636050378,0.552125818,0.16915491,0.318086787,0.640437721,0.506570694,0.383161074,0.450908232,0.382178234,0.448093975,0.318986707,0.697351377,0.091350133,0.370703788,0.708398032,,0.427664162,,0.543122891,0.486391756,,0.604832426,0.399068042,0.801999342,0.620742782,0.800698254,0.647113387,0.552333881,,,0.559515537,0.654040901,0.62772457,0.561594733,0.644514239,0.53015792,0.605378197,0.590772836,0.563371309,0.50881645,0.695549372,0.537202387,,0.798276704,0.318466518,0.673261548,0.644331221,0.315134742,0.504077978,0.470499199,0.553192259,0.694983611,0.580128018
0.3469035,0.212653548,,,,0.155834242,0.410830084,,,0.298619593,0.90949422,0.787469659,,0.235280978,1.0,0.567204815,,,0.787469659,0.667519651,0.531006404,0.543966954,0.927376512,,0.201007156,0.08398979,0.635457839,1.0,0.897409036,0.659242073,,,0.627616654,0.412591601,,0.727722052,0.552711775,0.361074946,0.800360834,,0.765971453,0.324977711,,,,0.188998535,,0.326237835,0.17878807,0.440279471,,0.607128596,0.25368358,,0.674364841,,0.809950964,0.595975596,,,,0.846952044,,0.627588739,,0.221576518,0.512263554,,,,0.719907112,,,0.702016509,0.550106793,,,0.600113983,,0.651214921,0.570026761,0.254715497,,0.495653098,0.819901016,0.4549628,0.550321624,0.376880979,,0.798276704,,0.547372024,0.707559903,0.753576531,0.074045979,0.274631921,0.373228177,0.450807948,,0.537850387
0.42593489,0.553518731,0.649620728,0.465338617,0.791003653,0.620036715,0.692476491,0.578755179,0.595043342,0.581609984,0.569889398,0.513336823,0.422318769,0.436431401,0.558022125,0.4286054,0.622218866,0.506628443,0.592971484,0.495112756,0.59396368,0.489598947,0.455257306,0.416729493,0.586749988,0.613065695,0.544595892,0.390810298,0.528122328,0.552984051,0.372306656,0.624777591,0.527317447,0.443667046,0.567046461,0.592950835,0.500482569,0.448499604,0.494984263,0.355248869,0.558783889,0.433801625,0.645793598,0.497699808,,0.549076234,,0.397158373,0.539079053,0.510196279,0.290379234,0.422142923,0.532311179,0.623555837,0.558321992,0.424114292,0.475735915,0.522732936,0.640799358,0.834781668,0.409850696,0.484797477,,0.547635051,,0.355502145,0.557519961,,0.231769921,0.59567414,0.431141922,0.396929991,0.35191045,0.448262922,0.565385092,,0.36096656,0.432408357,0.150712597,0.364518133,0.3861292,0.380376768,0.249039494,0.339570758,0.494352951,0.396382737,0.419478381,0.357745696,0.42779258,0.318466518,0.547372024,,0.283449295,0.377388406,0.631110032,0.534418126,0.547200462,0.431040149,0.294378976,0.405971001
0.60526111,0.459014372,0.340644753,0.327092746,0.419670542,0.234041469,0.199112194,0.17981866,0.267779679,0.381026473,0.441490824,0.436117695,0.715780874,0.474738649,0.34635447,0.648248925,0.380132995,0.519554011,0.416882981,0.295253835,0.518150165,0.327503756,0.588120174,0.187447719,0.404811855,0.253997786,0.555747101,0.674352731,0.523247302,0.560457088,,0.341445726,0.523371614,0.616328145,0.383323387,0.416357795,0.541812707,0.650325881,0.568836654,0.595817737,0.497475984,0.683872341,0.272434251,0.534618832,,0.544154075,,0.558811136,0.391875115,0.261318073,0.63856687,0.620939505,0.448726874,0.366292975,0.425609981,0.586541635,0.5501119,0.289667058,0.406159248,0.140004573,0.602555838,0.523653771,0.35152247,0.485982005,0.528978582,0.706234807,0.517581061,,0.410382598,0.334218305,0.5221476,0.606115314,0.627031101,0.588430884,0.449037507,,,0.651100133,0.793883227,0.628137648,0.62518543,0.687027334,0.601222946,0.700067832,0.599385939,0.566413843,0.464823682,0.654107681,0.450792148,0.673261548,0.707559903,0.283449295,,0.705823248,0.270578487,0.466888817,0.511342965,0.559601952,0.723431391,0.547714026
0.664942349,0.455799504,0.30258813,0.238071686,,0.257009692,0.191579543,0.234020136,0.28881197,0.379666282,0.508531156,0.377706441,0.590078464,0.362167868,0.317948593,0.716101495,0.516208787,0.359296682,0.406638627,0.385727503,0.53984094,0.42102815,0.596265211,0.110460445,0.421157125,0.277340084,0.609635047,0.701654394,0.439945936,0.557965027,,0.400996569,0.577542055,0.62687674,0.372426217,0.402972805,0.411249386,0.613859557,0.520901408,0.470474605,0.601164434,0.683045864,0.300063812,0.720510703,,0.507722176,,0.609362459,0.444234823,0.259567503,0.534916722,0.428761254,0.477624242,0.401485495,0.496146295,0.692039039,0.549192035,0.442183927,0.535155796,0.231627828,0.454939174,0.560988867,0.12108528,0.460138566,,0.647282609,0.528724741,,0.373739213,0.308714547,0.575930205,0.339765736,0.680742391,0.75473638,0.468786132,,,0.592588065,0.517763865,0.565113694,0.570970881,0.652680975,0.292170811,0.622855626,0.526231701,0.537575926,0.543866081,0.674880845,0.559588965,0.644331221,0.753576531,0.377388406,0.705823248,,0.354807762,0.519448704,0.559465706,0.518727913,0.666370632,0.637262427
0.332618231,0.529424393,0.7261178,0.395857657,,0.719504792,0.683154039,0.629625761,0.699663657,0.662247919,0.461986293,0.456303534,0.32963946,0.460704189,0.694415611,0.353903362,0.490719078,0.422836737,0.355633002,0.592679433,0.462973658,0.63679051,0.461276348,0.719404214,0.590865347,0.56632286,0.421744458,0.286579527,0.769292003,0.517433017,,0.5773485,0.421406134,0.486799135,0.461401948,0.554369588,0.508702115,0.495150361,0.42397323,0.317674251,0.384773602,0.366042202,0.732324017,,,0.457448173,,0.358135983,0.499838305,0.677766743,0.202757879,0.480614711,0.530531502,0.54212886,0.644903202,0.407513843,0.545627321,0.431308721,0.553365608,0.443481714,0.685315887,0.382364345,,0.427301328,,0.350405024,0.544731329,,0.147911236,0.556022639,0.239764104,0.144670554,,0.562897705,0.592152889,,,0.348925308,0.135413437,0.313781274,0.320829207,0.374056194,,0.32073783,0.498707717,0.363105274,0.565610986,0.273404364,0.502506787,0.315134742,0.074045979,0.631110032,0.270578487,0.354807762,,0.540288356,0.60270814,0.40899237,0.358380515,0.456484267
0.478613121,0.59469865,0.51702078,0.412809724,0.432208829,0.479930802,0.478732581,0.443154575,0.567041018,0.497997118,0.441525224,0.500224593,0.39623909,0.531496219,0.583959833,0.586525081,0.582979052,0.572891067,0.469668036,0.488634863,0.600349233,0.634530564,0.495041247,0.424778783,0.447190622,0.429893051,0.486444881,0.504938357,0.467615453,0.547729513,,0.626429221,0.467575928,0.505390257,0.459035483,0.509921656,0.465648507,0.496722984,0.626426803,0.431084914,0.460902495,0.529876279,0.514088636,0.552183521,,0.579447246,,0.444543698,0.495780353,0.298909488,0.600082066,0.468681992,0.537362443,0.483204233,0.453388983,0.397119061,0.471277546,0.37372499,0.427180565,0.350858672,0.61622447,0.444188643,0.489168953,0.405590369,0.792636471,0.54499335,0.531575209,,0.435069291,0.505846343,0.316386332,0.188158715,0.540065567,0.41981661,0.534037303,,,0.445969412,0.551490336,0.432838442,0.386050781,0.459433471,0.741996309,0.455332181,0.589811769,0.480983749,0.580474785,0.488560977,0.520214189,0.504077978,0.274631921,0.534418126,0.466888817,0.519448704,0.540288356,,0.604255031,0.431953507,0.438809824,0.453243561
0.407508097,0.533899894,0.547186926,0.508836568,0.145846792,0.532420426,0.412375609,0.477864045,0.501935326,0.477268603,0.505466766,0.412629663,0.420268869,0.515905617,0.533679822,0.495001254,0.43691719,0.471485756,0.35725526,0.560770604,0.499182731,0.512185393,0.482560895,0.703995795,0.435665652,0.498798305,0.555460228,0.573279955,0.439330468,0.667634204,,0.529763193,0.412587312,0.500256209,0.640419656,0.524269911,0.485212282,0.521741117,0.472734622,0.421389194,0.400227326,0.494622957,0.511620244,0.965669553,,0.556948652,0.268748321,0.387169618,0.409878285,0.580154752,0.525051734,0.365349775,0.532620871,0.541644296,0.460757427,0.504279667,0.448292594,0.420718164,0.438078558,0.280401736,0.431211517,0.507367111,,0.483960904,0.232947344,0.467884776,0.577341502,,0.730292234,0.454571764,0.489385225,0.287258129,0.742828327,0.397030142,0.591935065,,0.186964596,0.510156875,0.531233719,0.397983192,0.334602607,0.443581126,,0.545379447,0.504380083,0.399785326,0.514725256,0.41498963,0.549486967,0.470499199,0.373228177,0.547200462,0.511342965,0.559465706,0.60270814,0.604255031,,0.45173722,0.466005487,0.459223012
0.51035039,0.454106493,0.492388547,0.578997604,0.449701933,0.523651292,0.345525408,0.394075485,0.338426065,0.492234723,0.278071521,0.525261248,0.614867524,0.471660047,0.433222258,0.448858586,0.452562723,0.492092111,0.422900856,0.397392801,0.462938669,0.449216214,0.506405716,0.467426168,0.421881326,0.47454117,0.473725591,0.570935529,0.447205011,0.444078542,,0.451248967,0.523796088,0.562300782,0.475933316,0.429000227,0.501649365,0.578879367,0.584181962,0.533118018,0.512471187,0.460764619,0.416260236,0.380401067,,0.341768178,0.585780023,0.680424703,0.501875479,0.41909944,0.406981369,0.750265261,0.557328758,0.492753366,0.453835416,0.548368333,0.498889952,0.523213549,0.364815872,0.318701688,0.453753824,0.529506866,0.642793525,0.520677983,0.466250162,0.491266983,0.43129843,,0.516395535,0.378137794,0.563824434,0.507188796,0.523697493,0.523499905,0.466437616,,0.481103391,0.507376777,0.639954314,0.611529064,0.611328618,0.545497848,0.640705753,0.572474198,0.562458066,0.535317508,0.455418306,0.585474547,0.565311505,0.553192259,0.450807948,0.431040149,0.559601952,0.518727913,0.40899237,0.431953507,0.45173722,,0.559436382,0.65913139
0.572956593,0.413179149,0.423428033,0.320952334,,0.297971792,0.222748826,0.320322147,0.249903629,0.414521106,0.318769659,0.406809846,0.658807226,0.539345743,0.337418153,0.60607225,0.409840437,0.57466031,0.30455192,0.390091302,0.425995856,0.223447538,0.574412931,0.254930172,0.364912274,0.412622863,0.525130428,0.646279358,0.553478359,0.519718483,,0.386479368,0.512573015,0.556329212,0.27509084,0.437867055,0.432348959,0.560676894,0.587395675,0.621216822,0.477207641,0.602109327,0.308861252,0.569511137,,0.442392186,0.452463409,0.578216697,0.403987335,0.391390055,0.685834979,0.449568466,0.423467158,0.386516815,0.505333258,0.602297698,0.612564099,0.349935753,0.515093088,0.337963645,0.418960991,0.529830246,0.207285129,0.498116087,,0.703944301,0.409326054,,0.380731849,0.483618486,0.732143854,0.437263505,0.763280609,0.7354607,0.50612892,,,0.569195507,0.71426063,0.633098163,0.690882989,0.621345507,0.440202232,0.646492102,0.574677071,0.613026783,0.430286438,0.624197505,0.594662384,0.694983611,,0.294378976,0.723431391,0.666370632,0.358380515,0.438809824,0.466005487,0.559436382,,0.646547991
0.583447923,0.337330739,0.402046152,,,0.364207645,0.551800616,0.256749618,0.397238021,0.519487034,0.72418426,0.46162675,0.621151274,0.449240315,0.368462666,0.546433847,0.428923042,0.380696267,0.309597875,0.375807731,0.447683838,0.371888899,0.565227333,0.32511919,0.393640733,0.435559993,0.511445136,0.622144552,0.667475916,0.600586927,,0.391405904,0.56639216,0.616928279,0.595052337,0.445484812,0.381228648,0.446011819,0.444869888,0.560932951,0.60750684,0.506020962,0.293701389,0.624842956,,0.41499776,,0.577532693,0.466628272,0.293861082,0.561852361,0.554184045,0.546287832,0.512983727,0.483327937,0.613385214,0.355725798,0.431704888,0.631270846,0.246642154,0.385925382,0.530012636,,0.501556365,,0.631045303,0.443080215,,0.806304847,0.344059571,0.708839758,0.651534479,0.502586884,0.854164913,0.392304544,,0.285509009,0.53350133,0.710564217,0.697749271,0.638005199,0.552793416,0.19525559,0.61125042,0.539599314,0.579908534,0.482211428,0.576967658,0.45910084,0.580128018,0.537850387,0.405971001,0.547714026,0.637262427,0.456484267,0.453243561,0.459223012,0.65913139,0.646547991,
